--
-- PostgreSQL database dump
--

\restrict c0xopythqxaySQEta2MhwisugRmKTCG8jsQjDdIzKWlduQTk6xsfs1gxdNdeJal

-- Dumped from database version 15.14
-- Dumped by pg_dump version 15.14

SET statement_timeout = 0;
SET lock_timeout = 0;
SET idle_in_transaction_session_timeout = 0;
SET client_encoding = 'UTF8';
SET standard_conforming_strings = on;
SELECT pg_catalog.set_config('search_path', '', false);
SET check_function_bodies = false;
SET xmloption = content;
SET client_min_messages = warning;
SET row_security = off;

SET default_tablespace = '';

SET default_table_access_method = heap;

--
-- Name: auth_group; Type: TABLE; Schema: public; Owner: admin
--

CREATE TABLE public.auth_group (
    id integer NOT NULL,
    name character varying(150) NOT NULL
);


ALTER TABLE public.auth_group OWNER TO admin;

--
-- Name: auth_group_id_seq; Type: SEQUENCE; Schema: public; Owner: admin
--

ALTER TABLE public.auth_group ALTER COLUMN id ADD GENERATED BY DEFAULT AS IDENTITY (
    SEQUENCE NAME public.auth_group_id_seq
    START WITH 1
    INCREMENT BY 1
    NO MINVALUE
    NO MAXVALUE
    CACHE 1
);


--
-- Name: auth_group_permissions; Type: TABLE; Schema: public; Owner: admin
--

CREATE TABLE public.auth_group_permissions (
    id bigint NOT NULL,
    group_id integer NOT NULL,
    permission_id integer NOT NULL
);


ALTER TABLE public.auth_group_permissions OWNER TO admin;

--
-- Name: auth_group_permissions_id_seq; Type: SEQUENCE; Schema: public; Owner: admin
--

ALTER TABLE public.auth_group_permissions ALTER COLUMN id ADD GENERATED BY DEFAULT AS IDENTITY (
    SEQUENCE NAME public.auth_group_permissions_id_seq
    START WITH 1
    INCREMENT BY 1
    NO MINVALUE
    NO MAXVALUE
    CACHE 1
);


--
-- Name: auth_permission; Type: TABLE; Schema: public; Owner: admin
--

CREATE TABLE public.auth_permission (
    id integer NOT NULL,
    name character varying(255) NOT NULL,
    content_type_id integer NOT NULL,
    codename character varying(100) NOT NULL
);


ALTER TABLE public.auth_permission OWNER TO admin;

--
-- Name: auth_permission_id_seq; Type: SEQUENCE; Schema: public; Owner: admin
--

ALTER TABLE public.auth_permission ALTER COLUMN id ADD GENERATED BY DEFAULT AS IDENTITY (
    SEQUENCE NAME public.auth_permission_id_seq
    START WITH 1
    INCREMENT BY 1
    NO MINVALUE
    NO MAXVALUE
    CACHE 1
);


--
-- Name: banner_backgroundbanner; Type: TABLE; Schema: public; Owner: admin
--

CREATE TABLE public.banner_backgroundbanner (
    banners_ptr_id bigint NOT NULL,
    image_banner character varying(100),
    color character varying(20)
);


ALTER TABLE public.banner_backgroundbanner OWNER TO admin;

--
-- Name: banner_banners; Type: TABLE; Schema: public; Owner: admin
--

CREATE TABLE public.banner_banners (
    id bigint NOT NULL,
    name_banner character varying(50) NOT NULL,
    status_banner boolean NOT NULL
);


ALTER TABLE public.banner_banners OWNER TO admin;

--
-- Name: banner_banners_id_seq; Type: SEQUENCE; Schema: public; Owner: admin
--

ALTER TABLE public.banner_banners ALTER COLUMN id ADD GENERATED BY DEFAULT AS IDENTITY (
    SEQUENCE NAME public.banner_banners_id_seq
    START WITH 1
    INCREMENT BY 1
    NO MINVALUE
    NO MAXVALUE
    CACHE 1
);


--
-- Name: banner_homebanner; Type: TABLE; Schema: public; Owner: admin
--

CREATE TABLE public.banner_homebanner (
    banners_ptr_id bigint NOT NULL,
    url_banner character varying(300),
    text_banner text,
    speed_banner integer,
    image_id bigint
);


ALTER TABLE public.banner_homebanner OWNER TO admin;

--
-- Name: banner_homenewssharesbanner; Type: TABLE; Schema: public; Owner: admin
--

CREATE TABLE public.banner_homenewssharesbanner (
    banners_ptr_id bigint NOT NULL,
    url_banner character varying(300),
    speed_banner integer,
    image_id bigint
);


ALTER TABLE public.banner_homenewssharesbanner OWNER TO admin;

--
-- Name: cinema_cinema; Type: TABLE; Schema: public; Owner: admin
--

CREATE TABLE public.cinema_cinema (
    id bigint NOT NULL,
    name character varying(100) NOT NULL,
    name_ru character varying(100),
    name_en character varying(100),
    description text NOT NULL,
    description_ru text,
    description_en text,
    conditions text NOT NULL,
    conditions_ru text,
    conditions_en text,
    logo character varying(100),
    main_image character varying(100),
    gallery_id bigint,
    seo_block_id bigint
);


ALTER TABLE public.cinema_cinema OWNER TO admin;

--
-- Name: cinema_cinema_id_seq; Type: SEQUENCE; Schema: public; Owner: admin
--

ALTER TABLE public.cinema_cinema ALTER COLUMN id ADD GENERATED BY DEFAULT AS IDENTITY (
    SEQUENCE NAME public.cinema_cinema_id_seq
    START WITH 1
    INCREMENT BY 1
    NO MINVALUE
    NO MAXVALUE
    CACHE 1
);


--
-- Name: cinema_film; Type: TABLE; Schema: public; Owner: admin
--

CREATE TABLE public.cinema_film (
    id bigint NOT NULL,
    title character varying(100) NOT NULL,
    title_ru character varying(100),
    title_en character varying(100),
    description text NOT NULL,
    description_ru text,
    description_en text,
    main_image character varying(100),
    trailer_url character varying(200) NOT NULL,
    status character varying(20) NOT NULL,
    is_2d boolean NOT NULL,
    is_3d boolean NOT NULL,
    is_imax boolean NOT NULL,
    gallery_id bigint,
    seo_block_id bigint
);


ALTER TABLE public.cinema_film OWNER TO admin;

--
-- Name: cinema_film_id_seq; Type: SEQUENCE; Schema: public; Owner: admin
--

ALTER TABLE public.cinema_film ALTER COLUMN id ADD GENERATED BY DEFAULT AS IDENTITY (
    SEQUENCE NAME public.cinema_film_id_seq
    START WITH 1
    INCREMENT BY 1
    NO MINVALUE
    NO MAXVALUE
    CACHE 1
);


--
-- Name: cinema_hall; Type: TABLE; Schema: public; Owner: admin
--

CREATE TABLE public.cinema_hall (
    id bigint NOT NULL,
    number_hall character varying(100) NOT NULL,
    number_hall_ru character varying(100),
    number_hall_en character varying(100),
    description text NOT NULL,
    description_ru text,
    description_en text,
    scheme_image character varying(100) NOT NULL,
    banner_image character varying(100),
    time_created timestamp with time zone NOT NULL,
    cinema_id bigint NOT NULL,
    gallery_id bigint,
    seo_block_id bigint
);


ALTER TABLE public.cinema_hall OWNER TO admin;

--
-- Name: cinema_hall_id_seq; Type: SEQUENCE; Schema: public; Owner: admin
--

ALTER TABLE public.cinema_hall ALTER COLUMN id ADD GENERATED BY DEFAULT AS IDENTITY (
    SEQUENCE NAME public.cinema_hall_id_seq
    START WITH 1
    INCREMENT BY 1
    NO MINVALUE
    NO MAXVALUE
    CACHE 1
);


--
-- Name: cinema_moviesession; Type: TABLE; Schema: public; Owner: admin
--

CREATE TABLE public.cinema_moviesession (
    id bigint NOT NULL,
    date date NOT NULL,
    "time" time without time zone NOT NULL,
    price smallint NOT NULL,
    is_3d boolean NOT NULL,
    is_dbox boolean NOT NULL,
    is_vip boolean NOT NULL,
    film_id bigint NOT NULL,
    hall_id bigint NOT NULL,
    CONSTRAINT cinema_moviesession_price_check CHECK ((price >= 0))
);


ALTER TABLE public.cinema_moviesession OWNER TO admin;

--
-- Name: cinema_moviesession_id_seq; Type: SEQUENCE; Schema: public; Owner: admin
--

ALTER TABLE public.cinema_moviesession ALTER COLUMN id ADD GENERATED BY DEFAULT AS IDENTITY (
    SEQUENCE NAME public.cinema_moviesession_id_seq
    START WITH 1
    INCREMENT BY 1
    NO MINVALUE
    NO MAXVALUE
    CACHE 1
);


--
-- Name: cinema_ticket; Type: TABLE; Schema: public; Owner: admin
--

CREATE TABLE public.cinema_ticket (
    id bigint NOT NULL,
    price smallint NOT NULL,
    "row" smallint NOT NULL,
    seat smallint NOT NULL,
    status character varying(10) NOT NULL,
    created_at timestamp with time zone NOT NULL,
    session_id bigint NOT NULL,
    user_id bigint NOT NULL,
    CONSTRAINT cinema_ticket_price_check CHECK ((price >= 0)),
    CONSTRAINT cinema_ticket_row_check CHECK (("row" >= 0)),
    CONSTRAINT cinema_ticket_seat_check CHECK ((seat >= 0))
);


ALTER TABLE public.cinema_ticket OWNER TO admin;

--
-- Name: cinema_ticket_id_seq; Type: SEQUENCE; Schema: public; Owner: admin
--

ALTER TABLE public.cinema_ticket ALTER COLUMN id ADD GENERATED BY DEFAULT AS IDENTITY (
    SEQUENCE NAME public.cinema_ticket_id_seq
    START WITH 1
    INCREMENT BY 1
    NO MINVALUE
    NO MAXVALUE
    CACHE 1
);


--
-- Name: core_gallery; Type: TABLE; Schema: public; Owner: admin
--

CREATE TABLE public.core_gallery (
    id bigint NOT NULL,
    name_gallery character varying(300) NOT NULL
);


ALTER TABLE public.core_gallery OWNER TO admin;

--
-- Name: core_gallery_id_seq; Type: SEQUENCE; Schema: public; Owner: admin
--

ALTER TABLE public.core_gallery ALTER COLUMN id ADD GENERATED BY DEFAULT AS IDENTITY (
    SEQUENCE NAME public.core_gallery_id_seq
    START WITH 1
    INCREMENT BY 1
    NO MINVALUE
    NO MAXVALUE
    CACHE 1
);


--
-- Name: core_image; Type: TABLE; Schema: public; Owner: admin
--

CREATE TABLE public.core_image (
    id bigint NOT NULL,
    image character varying(100),
    gallery_id bigint NOT NULL
);


ALTER TABLE public.core_image OWNER TO admin;

--
-- Name: core_image_id_seq; Type: SEQUENCE; Schema: public; Owner: admin
--

ALTER TABLE public.core_image ALTER COLUMN id ADD GENERATED BY DEFAULT AS IDENTITY (
    SEQUENCE NAME public.core_image_id_seq
    START WITH 1
    INCREMENT BY 1
    NO MINVALUE
    NO MAXVALUE
    CACHE 1
);


--
-- Name: core_mailingcampaign; Type: TABLE; Schema: public; Owner: admin
--

CREATE TABLE public.core_mailingcampaign (
    id bigint NOT NULL,
    status character varying(20) NOT NULL,
    task_id character varying(255),
    send_to_all boolean NOT NULL,
    recipients jsonb,
    total_recipients integer NOT NULL,
    sent_count integer NOT NULL,
    started_at timestamp with time zone NOT NULL,
    completed_at timestamp with time zone,
    CONSTRAINT core_mailingcampaign_sent_count_check CHECK ((sent_count >= 0)),
    CONSTRAINT core_mailingcampaign_total_recipients_check CHECK ((total_recipients >= 0))
);


ALTER TABLE public.core_mailingcampaign OWNER TO admin;

--
-- Name: core_mailingcampaign_id_seq; Type: SEQUENCE; Schema: public; Owner: admin
--

ALTER TABLE public.core_mailingcampaign ALTER COLUMN id ADD GENERATED BY DEFAULT AS IDENTITY (
    SEQUENCE NAME public.core_mailingcampaign_id_seq
    START WITH 1
    INCREMENT BY 1
    NO MINVALUE
    NO MAXVALUE
    CACHE 1
);


--
-- Name: core_mailingcampaign_templates; Type: TABLE; Schema: public; Owner: admin
--

CREATE TABLE public.core_mailingcampaign_templates (
    id bigint NOT NULL,
    mailingcampaign_id bigint NOT NULL,
    mailingtemplate_id bigint NOT NULL
);


ALTER TABLE public.core_mailingcampaign_templates OWNER TO admin;

--
-- Name: core_mailingcampaign_templates_id_seq; Type: SEQUENCE; Schema: public; Owner: admin
--

ALTER TABLE public.core_mailingcampaign_templates ALTER COLUMN id ADD GENERATED BY DEFAULT AS IDENTITY (
    SEQUENCE NAME public.core_mailingcampaign_templates_id_seq
    START WITH 1
    INCREMENT BY 1
    NO MINVALUE
    NO MAXVALUE
    CACHE 1
);


--
-- Name: core_mailingtemplate; Type: TABLE; Schema: public; Owner: admin
--

CREATE TABLE public.core_mailingtemplate (
    id bigint NOT NULL,
    name character varying(255) NOT NULL,
    file character varying(100) NOT NULL,
    created_at timestamp with time zone NOT NULL
);


ALTER TABLE public.core_mailingtemplate OWNER TO admin;

--
-- Name: core_mailingtemplate_id_seq; Type: SEQUENCE; Schema: public; Owner: admin
--

ALTER TABLE public.core_mailingtemplate ALTER COLUMN id ADD GENERATED BY DEFAULT AS IDENTITY (
    SEQUENCE NAME public.core_mailingtemplate_id_seq
    START WITH 1
    INCREMENT BY 1
    NO MINVALUE
    NO MAXVALUE
    CACHE 1
);


--
-- Name: core_seoblock; Type: TABLE; Schema: public; Owner: admin
--

CREATE TABLE public.core_seoblock (
    id bigint NOT NULL,
    slug character varying(255) NOT NULL,
    title_seo character varying(255),
    title_seo_ru character varying(255),
    title_seo_en character varying(255),
    keywords_seo text,
    keywords_seo_ru text,
    keywords_seo_en text,
    description_seo text,
    description_seo_ru text,
    description_seo_en text
);


ALTER TABLE public.core_seoblock OWNER TO admin;

--
-- Name: core_seoblock_id_seq; Type: SEQUENCE; Schema: public; Owner: admin
--

ALTER TABLE public.core_seoblock ALTER COLUMN id ADD GENERATED BY DEFAULT AS IDENTITY (
    SEQUENCE NAME public.core_seoblock_id_seq
    START WITH 1
    INCREMENT BY 1
    NO MINVALUE
    NO MAXVALUE
    CACHE 1
);


--
-- Name: django_admin_log; Type: TABLE; Schema: public; Owner: admin
--

CREATE TABLE public.django_admin_log (
    id integer NOT NULL,
    action_time timestamp with time zone NOT NULL,
    object_id text,
    object_repr character varying(200) NOT NULL,
    action_flag smallint NOT NULL,
    change_message text NOT NULL,
    content_type_id integer,
    user_id bigint NOT NULL,
    CONSTRAINT django_admin_log_action_flag_check CHECK ((action_flag >= 0))
);


ALTER TABLE public.django_admin_log OWNER TO admin;

--
-- Name: django_admin_log_id_seq; Type: SEQUENCE; Schema: public; Owner: admin
--

ALTER TABLE public.django_admin_log ALTER COLUMN id ADD GENERATED BY DEFAULT AS IDENTITY (
    SEQUENCE NAME public.django_admin_log_id_seq
    START WITH 1
    INCREMENT BY 1
    NO MINVALUE
    NO MAXVALUE
    CACHE 1
);


--
-- Name: django_celery_results_chordcounter; Type: TABLE; Schema: public; Owner: admin
--

CREATE TABLE public.django_celery_results_chordcounter (
    id integer NOT NULL,
    group_id character varying(255) NOT NULL,
    sub_tasks text NOT NULL,
    count integer NOT NULL,
    CONSTRAINT django_celery_results_chordcounter_count_check CHECK ((count >= 0))
);


ALTER TABLE public.django_celery_results_chordcounter OWNER TO admin;

--
-- Name: django_celery_results_chordcounter_id_seq; Type: SEQUENCE; Schema: public; Owner: admin
--

ALTER TABLE public.django_celery_results_chordcounter ALTER COLUMN id ADD GENERATED BY DEFAULT AS IDENTITY (
    SEQUENCE NAME public.django_celery_results_chordcounter_id_seq
    START WITH 1
    INCREMENT BY 1
    NO MINVALUE
    NO MAXVALUE
    CACHE 1
);


--
-- Name: django_celery_results_groupresult; Type: TABLE; Schema: public; Owner: admin
--

CREATE TABLE public.django_celery_results_groupresult (
    id integer NOT NULL,
    group_id character varying(255) NOT NULL,
    date_created timestamp with time zone NOT NULL,
    date_done timestamp with time zone NOT NULL,
    content_type character varying(128) NOT NULL,
    content_encoding character varying(64) NOT NULL,
    result text
);


ALTER TABLE public.django_celery_results_groupresult OWNER TO admin;

--
-- Name: django_celery_results_groupresult_id_seq; Type: SEQUENCE; Schema: public; Owner: admin
--

ALTER TABLE public.django_celery_results_groupresult ALTER COLUMN id ADD GENERATED BY DEFAULT AS IDENTITY (
    SEQUENCE NAME public.django_celery_results_groupresult_id_seq
    START WITH 1
    INCREMENT BY 1
    NO MINVALUE
    NO MAXVALUE
    CACHE 1
);


--
-- Name: django_celery_results_taskresult; Type: TABLE; Schema: public; Owner: admin
--

CREATE TABLE public.django_celery_results_taskresult (
    id integer NOT NULL,
    task_id character varying(255) NOT NULL,
    periodic_task_name character varying(255),
    task_name character varying(255),
    task_args text,
    task_kwargs text,
    status character varying(50) NOT NULL,
    worker character varying(100),
    content_type character varying(128) NOT NULL,
    content_encoding character varying(64) NOT NULL,
    result text,
    date_created timestamp with time zone NOT NULL,
    date_started timestamp with time zone,
    date_done timestamp with time zone NOT NULL,
    traceback text,
    meta text
);


ALTER TABLE public.django_celery_results_taskresult OWNER TO admin;

--
-- Name: django_celery_results_taskresult_id_seq; Type: SEQUENCE; Schema: public; Owner: admin
--

ALTER TABLE public.django_celery_results_taskresult ALTER COLUMN id ADD GENERATED BY DEFAULT AS IDENTITY (
    SEQUENCE NAME public.django_celery_results_taskresult_id_seq
    START WITH 1
    INCREMENT BY 1
    NO MINVALUE
    NO MAXVALUE
    CACHE 1
);


--
-- Name: django_content_type; Type: TABLE; Schema: public; Owner: admin
--

CREATE TABLE public.django_content_type (
    id integer NOT NULL,
    app_label character varying(100) NOT NULL,
    model character varying(100) NOT NULL
);


ALTER TABLE public.django_content_type OWNER TO admin;

--
-- Name: django_content_type_id_seq; Type: SEQUENCE; Schema: public; Owner: admin
--

ALTER TABLE public.django_content_type ALTER COLUMN id ADD GENERATED BY DEFAULT AS IDENTITY (
    SEQUENCE NAME public.django_content_type_id_seq
    START WITH 1
    INCREMENT BY 1
    NO MINVALUE
    NO MAXVALUE
    CACHE 1
);


--
-- Name: django_migrations; Type: TABLE; Schema: public; Owner: admin
--

CREATE TABLE public.django_migrations (
    id bigint NOT NULL,
    app character varying(255) NOT NULL,
    name character varying(255) NOT NULL,
    applied timestamp with time zone NOT NULL
);


ALTER TABLE public.django_migrations OWNER TO admin;

--
-- Name: django_migrations_id_seq; Type: SEQUENCE; Schema: public; Owner: admin
--

ALTER TABLE public.django_migrations ALTER COLUMN id ADD GENERATED BY DEFAULT AS IDENTITY (
    SEQUENCE NAME public.django_migrations_id_seq
    START WITH 1
    INCREMENT BY 1
    NO MINVALUE
    NO MAXVALUE
    CACHE 1
);


--
-- Name: django_session; Type: TABLE; Schema: public; Owner: admin
--

CREATE TABLE public.django_session (
    session_key character varying(40) NOT NULL,
    session_data text NOT NULL,
    expire_date timestamp with time zone NOT NULL
);


ALTER TABLE public.django_session OWNER TO admin;

--
-- Name: page_contact; Type: TABLE; Schema: public; Owner: admin
--

CREATE TABLE public.page_contact (
    id bigint NOT NULL,
    name character varying(100) NOT NULL,
    address text NOT NULL,
    coords character varying(500) NOT NULL,
    logo character varying(100),
    status boolean NOT NULL,
    time_created timestamp with time zone NOT NULL,
    seo_block_id bigint
);


ALTER TABLE public.page_contact OWNER TO admin;

--
-- Name: page_contact_id_seq; Type: SEQUENCE; Schema: public; Owner: admin
--

ALTER TABLE public.page_contact ALTER COLUMN id ADD GENERATED BY DEFAULT AS IDENTITY (
    SEQUENCE NAME public.page_contact_id_seq
    START WITH 1
    INCREMENT BY 1
    NO MINVALUE
    NO MAXVALUE
    CACHE 1
);


--
-- Name: page_mainpage; Type: TABLE; Schema: public; Owner: admin
--

CREATE TABLE public.page_mainpage (
    id bigint NOT NULL,
    phone1 character varying(11) NOT NULL,
    phone2 character varying(11) NOT NULL,
    seo_text text NOT NULL,
    seo_text_ru text,
    seo_text_en text,
    status boolean NOT NULL,
    time_created timestamp with time zone NOT NULL,
    seo_block_id bigint
);


ALTER TABLE public.page_mainpage OWNER TO admin;

--
-- Name: page_mainpage_id_seq; Type: SEQUENCE; Schema: public; Owner: admin
--

ALTER TABLE public.page_mainpage ALTER COLUMN id ADD GENERATED BY DEFAULT AS IDENTITY (
    SEQUENCE NAME public.page_mainpage_id_seq
    START WITH 1
    INCREMENT BY 1
    NO MINVALUE
    NO MAXVALUE
    CACHE 1
);


--
-- Name: page_newspromotionpage; Type: TABLE; Schema: public; Owner: admin
--

CREATE TABLE public.page_newspromotionpage (
    id bigint NOT NULL,
    is_promotion boolean NOT NULL,
    status boolean NOT NULL,
    name character varying(50) NOT NULL,
    name_ru character varying(50),
    name_en character varying(50),
    time_created timestamp with time zone NOT NULL,
    description text NOT NULL,
    description_ru text,
    description_en text,
    main_image character varying(100),
    url_movie character varying(300),
    gallery_banner_id bigint,
    seo_block_id bigint
);


ALTER TABLE public.page_newspromotionpage OWNER TO admin;

--
-- Name: page_newspromotionpage_id_seq; Type: SEQUENCE; Schema: public; Owner: admin
--

ALTER TABLE public.page_newspromotionpage ALTER COLUMN id ADD GENERATED BY DEFAULT AS IDENTITY (
    SEQUENCE NAME public.page_newspromotionpage_id_seq
    START WITH 1
    INCREMENT BY 1
    NO MINVALUE
    NO MAXVALUE
    CACHE 1
);


--
-- Name: page_otherpage; Type: TABLE; Schema: public; Owner: admin
--

CREATE TABLE public.page_otherpage (
    id bigint NOT NULL,
    name character varying(50) NOT NULL,
    title character varying(200) NOT NULL,
    title_ru character varying(200),
    title_en character varying(200),
    description text NOT NULL,
    description_ru text,
    description_en text,
    main_image character varying(100),
    status boolean NOT NULL,
    time_created timestamp with time zone NOT NULL,
    gallery_id bigint,
    seo_block_id bigint
);


ALTER TABLE public.page_otherpage OWNER TO admin;

--
-- Name: page_otherpage_id_seq; Type: SEQUENCE; Schema: public; Owner: admin
--

ALTER TABLE public.page_otherpage ALTER COLUMN id ADD GENERATED BY DEFAULT AS IDENTITY (
    SEQUENCE NAME public.page_otherpage_id_seq
    START WITH 1
    INCREMENT BY 1
    NO MINVALUE
    NO MAXVALUE
    CACHE 1
);


--
-- Name: users_customuser; Type: TABLE; Schema: public; Owner: admin
--

CREATE TABLE public.users_customuser (
    id bigint NOT NULL,
    password character varying(128) NOT NULL,
    last_login timestamp with time zone,
    is_superuser boolean NOT NULL,
    is_staff boolean NOT NULL,
    is_active boolean NOT NULL,
    date_joined timestamp with time zone NOT NULL,
    first_name character varying(60) NOT NULL,
    last_name character varying(60) NOT NULL,
    username character varying(60) NOT NULL,
    email character varying(60) NOT NULL,
    address character varying(128),
    phone character varying(15),
    birthday date,
    card_number character varying(30),
    city character varying(60),
    gender character varying(10),
    language character varying(2)
);


ALTER TABLE public.users_customuser OWNER TO admin;

--
-- Name: users_customuser_groups; Type: TABLE; Schema: public; Owner: admin
--

CREATE TABLE public.users_customuser_groups (
    id bigint NOT NULL,
    customuser_id bigint NOT NULL,
    group_id integer NOT NULL
);


ALTER TABLE public.users_customuser_groups OWNER TO admin;

--
-- Name: users_customuser_groups_id_seq; Type: SEQUENCE; Schema: public; Owner: admin
--

ALTER TABLE public.users_customuser_groups ALTER COLUMN id ADD GENERATED BY DEFAULT AS IDENTITY (
    SEQUENCE NAME public.users_customuser_groups_id_seq
    START WITH 1
    INCREMENT BY 1
    NO MINVALUE
    NO MAXVALUE
    CACHE 1
);


--
-- Name: users_customuser_id_seq; Type: SEQUENCE; Schema: public; Owner: admin
--

ALTER TABLE public.users_customuser ALTER COLUMN id ADD GENERATED BY DEFAULT AS IDENTITY (
    SEQUENCE NAME public.users_customuser_id_seq
    START WITH 1
    INCREMENT BY 1
    NO MINVALUE
    NO MAXVALUE
    CACHE 1
);


--
-- Name: users_customuser_user_permissions; Type: TABLE; Schema: public; Owner: admin
--

CREATE TABLE public.users_customuser_user_permissions (
    id bigint NOT NULL,
    customuser_id bigint NOT NULL,
    permission_id integer NOT NULL
);


ALTER TABLE public.users_customuser_user_permissions OWNER TO admin;

--
-- Name: users_customuser_user_permissions_id_seq; Type: SEQUENCE; Schema: public; Owner: admin
--

ALTER TABLE public.users_customuser_user_permissions ALTER COLUMN id ADD GENERATED BY DEFAULT AS IDENTITY (
    SEQUENCE NAME public.users_customuser_user_permissions_id_seq
    START WITH 1
    INCREMENT BY 1
    NO MINVALUE
    NO MAXVALUE
    CACHE 1
);


--
-- Data for Name: auth_group; Type: TABLE DATA; Schema: public; Owner: admin
--

COPY public.auth_group (id, name) FROM stdin;
\.


--
-- Data for Name: auth_group_permissions; Type: TABLE DATA; Schema: public; Owner: admin
--

COPY public.auth_group_permissions (id, group_id, permission_id) FROM stdin;
\.


--
-- Data for Name: auth_permission; Type: TABLE DATA; Schema: public; Owner: admin
--

COPY public.auth_permission (id, name, content_type_id, codename) FROM stdin;
1	Can add log entry	1	add_logentry
2	Can change log entry	1	change_logentry
3	Can delete log entry	1	delete_logentry
4	Can view log entry	1	view_logentry
5	Can add permission	2	add_permission
6	Can change permission	2	change_permission
7	Can delete permission	2	delete_permission
8	Can view permission	2	view_permission
9	Can add group	3	add_group
10	Can change group	3	change_group
11	Can delete group	3	delete_group
12	Can view group	3	view_group
13	Can add content type	4	add_contenttype
14	Can change content type	4	change_contenttype
15	Can delete content type	4	delete_contenttype
16	Can view content type	4	view_contenttype
17	Can add session	5	add_session
18	Can change session	5	change_session
19	Can delete session	5	delete_session
20	Can view session	5	view_session
21	Can add gallery	6	add_gallery
22	Can change gallery	6	change_gallery
23	Can delete gallery	6	delete_gallery
24	Can view gallery	6	view_gallery
25	Can add Шаблон рассылки	7	add_mailingtemplate
26	Can change Шаблон рассылки	7	change_mailingtemplate
27	Can delete Шаблон рассылки	7	delete_mailingtemplate
28	Can view Шаблон рассылки	7	view_mailingtemplate
29	Can add seo block	8	add_seoblock
30	Can change seo block	8	change_seoblock
31	Can delete seo block	8	delete_seoblock
32	Can view seo block	8	view_seoblock
33	Can add image	9	add_image
34	Can change image	9	change_image
35	Can delete image	9	delete_image
36	Can view image	9	view_image
37	Can add Кампания рассылки	10	add_mailingcampaign
38	Can change Кампания рассылки	10	change_mailingcampaign
39	Can delete Кампания рассылки	10	delete_mailingcampaign
40	Can view Кампания рассылки	10	view_mailingcampaign
41	Can add user	11	add_customuser
42	Can change user	11	change_customuser
43	Can delete user	11	delete_customuser
44	Can view user	11	view_customuser
45	Can add Контакт	12	add_contact
46	Can change Контакт	12	change_contact
47	Can delete Контакт	12	delete_contact
48	Can view Контакт	12	view_contact
49	Can add main page	13	add_mainpage
50	Can change main page	13	change_mainpage
51	Can delete main page	13	delete_mainpage
52	Can view main page	13	view_mainpage
53	Can add news promotion page	14	add_newspromotionpage
54	Can change news promotion page	14	change_newspromotionpage
55	Can delete news promotion page	14	delete_newspromotionpage
56	Can view news promotion page	14	view_newspromotionpage
57	Can add другая страница	15	add_otherpage
58	Can change другая страница	15	change_otherpage
59	Can delete другая страница	15	delete_otherpage
60	Can view другая страница	15	view_otherpage
61	Can add cinema	16	add_cinema
62	Can change cinema	16	change_cinema
63	Can delete cinema	16	delete_cinema
64	Can view cinema	16	view_cinema
65	Can add film	17	add_film
66	Can change film	17	change_film
67	Can delete film	17	delete_film
68	Can view film	17	view_film
69	Can add hall	18	add_hall
70	Can change hall	18	change_hall
71	Can delete hall	18	delete_hall
72	Can view hall	18	view_hall
73	Can add movie session	19	add_moviesession
74	Can change movie session	19	change_moviesession
75	Can delete movie session	19	delete_moviesession
76	Can view movie session	19	view_moviesession
77	Can add Билет	20	add_ticket
78	Can change Билет	20	change_ticket
79	Can delete Билет	20	delete_ticket
80	Can view Билет	20	view_ticket
81	Can add banner	21	add_banners
82	Can change banner	21	change_banners
83	Can delete banner	21	delete_banners
84	Can view banner	21	view_banners
85	Can add background banner	22	add_backgroundbanner
86	Can change background banner	22	change_backgroundbanner
87	Can delete background banner	22	delete_backgroundbanner
88	Can view background banner	22	view_backgroundbanner
89	Can add home banner	23	add_homebanner
90	Can change home banner	23	change_homebanner
91	Can delete home banner	23	delete_homebanner
92	Can view home banner	23	view_homebanner
93	Can add home banner	24	add_homenewssharesbanner
94	Can change home banner	24	change_homenewssharesbanner
95	Can delete home banner	24	delete_homenewssharesbanner
96	Can view home banner	24	view_homenewssharesbanner
97	Can add chord counter	25	add_chordcounter
98	Can change chord counter	25	change_chordcounter
99	Can delete chord counter	25	delete_chordcounter
100	Can view chord counter	25	view_chordcounter
101	Can add group result	26	add_groupresult
102	Can change group result	26	change_groupresult
103	Can delete group result	26	delete_groupresult
104	Can view group result	26	view_groupresult
105	Can add task result	27	add_taskresult
106	Can change task result	27	change_taskresult
107	Can delete task result	27	delete_taskresult
108	Can view task result	27	view_taskresult
\.


--
-- Data for Name: banner_backgroundbanner; Type: TABLE DATA; Schema: public; Owner: admin
--

COPY public.banner_backgroundbanner (banners_ptr_id, image_banner, color) FROM stdin;
1		red
\.


--
-- Data for Name: banner_banners; Type: TABLE DATA; Schema: public; Owner: admin
--

COPY public.banner_banners (id, name_banner, status_banner) FROM stdin;
2	homebanner	t
5	homenewssharesbanner	t
1	backgroundbanner	t
\.


--
-- Data for Name: banner_homebanner; Type: TABLE DATA; Schema: public; Owner: admin
--

COPY public.banner_homebanner (banners_ptr_id, url_banner, text_banner, speed_banner, image_id) FROM stdin;
2	\N		5	11
\.


--
-- Data for Name: banner_homenewssharesbanner; Type: TABLE DATA; Schema: public; Owner: admin
--

COPY public.banner_homenewssharesbanner (banners_ptr_id, url_banner, speed_banner, image_id) FROM stdin;
5	\N	5	13
\.


--
-- Data for Name: cinema_cinema; Type: TABLE DATA; Schema: public; Owner: admin
--

COPY public.cinema_cinema (id, name, name_ru, name_en, description, description_ru, description_en, conditions, conditions_ru, conditions_en, logo, main_image, gallery_id, seo_block_id) FROM stdin;
2	Кинотеатр 1	Кинотеатр 1	Cinema 1	Кинотеатр 1Кинотеатр 1	Кинотеатр 1Кинотеатр 1	Cinema 1Cinema 1	Кинотеатр 1Кинотеатр 1	Кинотеатр 1Кинотеатр 1	Cinema 1Cinema 1	cinemas/logos/bg_2JhLtJI.webp	cinemas/banners/bg_RO6hivW.webp	8	\N
6	Кинотеатр 2	Кинотеатр 2	Cinema 2	Кинотеатр 2Кинотеатр 2	Кинотеатр 2Кинотеатр 2	Cinema 2Cinema 2	Кинотеатр 2Кинотеатр 2	Кинотеатр 2Кинотеатр 2	Cinema 2Cinema 2	cinemas/logos/bg_zYnNVqZ.webp	cinemas/banners/bg_qtRndjq.webp	11	13
\.


--
-- Data for Name: cinema_film; Type: TABLE DATA; Schema: public; Owner: admin
--

COPY public.cinema_film (id, title, title_ru, title_en, description, description_ru, description_en, main_image, trailer_url, status, is_2d, is_3d, is_imax, gallery_id, seo_block_id) FROM stdin;
1	Фильм 1	Фильм 1	Film 1	Фильм 1Фильм 1	Фильм 1Фильм 1	Film 1Film 1	film/poster/bg_KAiD7E4.webp		now_showing	t	f	f	5	2
2	Фильм 2	Фильм 2	Film 2	Фильм 2Фильм 2Фильм 2	Фильм 2Фильм 2Фильм 2	Film 2Film 2Film 2	film/poster/bg_aMCkTSu.webp		now_showing	f	t	f	6	3
3	Фильм 3	Фильм 3	Film 3	Фильм 3Фильм 3Фильм 3	Фильм 3Фильм 3Фильм 3	Film 3Film 3Film 3	film/poster/bg_yep16n4.webp		now_showing	f	f	t	7	4
4	Новый фильм (скоро)	Новый фильм (скоро)	None	None	None	None	film/poster/bg_8fkPsVL.webp		coming_soon	t	f	f	17	\N
\.


--
-- Data for Name: cinema_hall; Type: TABLE DATA; Schema: public; Owner: admin
--

COPY public.cinema_hall (id, number_hall, number_hall_ru, number_hall_en, description, description_ru, description_en, scheme_image, banner_image, time_created, cinema_id, gallery_id, seo_block_id) FROM stdin;
3	Зал 1	Зал 1	Hall 1	Зал 1Зал 1Зал 1Зал 1	Зал 1Зал 1Зал 1Зал 1	Hall 1Hall 1Hall 1	halls/schemes/card-hall_0MZ0A6h.png	halls/banners/bg_PzMo31P.webp	2025-09-25 13:28:15.30742+00	2	9	6
4	Зал 2	Зал 2	Hall 2	Зал 2Зал 2Зал 2	Зал 2Зал 2Зал 2	Hall 2Hall 2Hall 2	halls/schemes/card-hall_2VRWQqU.png	halls/banners/bg_7CCkhFZ.webp	2025-09-25 14:32:59.991965+00	2	10	8
5	Зал 1	Зал 1	Hall 1	Зал 1Зал 1Зал 1	Зал 1Зал 1Зал 1	Hall 1Hall 1Hall 1	halls/schemes/bg.webp	halls/banners/bg_Nq1N1H6.webp	2025-09-25 14:38:16.567992+00	6	12	\N
\.


--
-- Data for Name: cinema_moviesession; Type: TABLE DATA; Schema: public; Owner: admin
--

COPY public.cinema_moviesession (id, date, "time", price, is_3d, is_dbox, is_vip, film_id, hall_id) FROM stdin;
1	2025-09-26	17:30:00	200	f	f	f	3	3
2	2025-09-26	13:00:00	120	f	t	t	1	3
3	2025-09-26	22:00:00	180	f	f	f	2	3
4	2025-09-26	15:00:00	180	t	f	f	2	4
5	2025-09-26	15:45:00	120	f	t	f	1	4
6	2025-09-26	18:10:00	250	f	t	f	3	4
7	2025-09-26	15:45:00	220	f	f	t	1	5
8	2025-09-26	21:20:00	200	f	f	f	3	5
9	2025-09-26	10:00:00	120	t	t	t	2	5
10	2025-09-27	21:20:00	250	f	f	f	3	3
11	2025-09-27	19:00:00	180	t	f	f	2	3
12	2025-09-27	18:10:00	150	f	f	t	1	3
13	2025-09-27	15:00:00	220	f	f	f	1	4
14	2025-09-27	10:00:00	250	t	t	f	2	4
15	2025-09-27	17:30:00	220	f	f	f	3	4
16	2025-09-27	18:10:00	200	f	f	f	1	5
17	2025-09-27	19:50:00	250	f	f	t	2	5
18	2025-09-27	21:20:00	150	f	f	f	3	5
19	2025-09-28	17:30:00	120	f	f	f	3	3
20	2025-09-28	22:00:00	150	f	f	t	2	3
21	2025-09-28	18:10:00	250	f	t	t	1	3
22	2025-09-28	18:10:00	150	f	f	f	1	4
23	2025-09-28	19:00:00	220	f	t	f	3	4
24	2025-09-28	19:50:00	150	t	t	f	2	4
25	2025-09-28	18:10:00	200	f	t	f	3	5
26	2025-09-28	10:00:00	180	f	f	t	1	5
27	2025-09-28	19:00:00	220	f	t	t	2	5
28	2025-09-29	15:45:00	120	f	f	f	1	3
29	2025-09-29	10:40:00	200	t	t	f	2	3
30	2025-09-29	17:30:00	200	f	t	t	3	3
31	2025-09-29	18:10:00	180	f	f	t	1	4
32	2025-09-29	13:00:00	150	f	f	t	3	4
33	2025-09-29	21:20:00	150	t	t	f	2	4
34	2025-09-29	13:20:00	180	f	t	f	1	5
35	2025-09-29	21:20:00	220	f	t	f	2	5
36	2025-09-29	12:30:00	180	f	f	t	3	5
37	2025-09-30	13:00:00	200	f	t	f	1	3
38	2025-09-30	18:10:00	200	f	f	t	3	3
39	2025-09-30	22:00:00	120	t	f	f	2	3
40	2025-09-30	22:00:00	150	f	f	t	1	4
41	2025-09-30	18:10:00	120	f	f	f	2	4
42	2025-09-30	17:30:00	250	f	t	f	3	4
43	2025-09-30	10:10:00	120	f	f	f	2	5
44	2025-09-30	10:40:00	220	f	f	f	1	5
45	2025-09-30	15:45:00	150	f	f	f	3	5
46	2025-10-01	10:40:00	180	f	t	f	2	3
47	2025-10-01	19:00:00	200	f	f	f	3	3
48	2025-10-01	15:00:00	200	f	t	f	1	3
49	2025-10-01	13:20:00	120	f	f	f	1	4
50	2025-10-01	10:00:00	250	f	f	t	3	4
51	2025-10-01	15:00:00	180	f	f	f	2	4
52	2025-10-01	21:20:00	120	f	t	f	3	5
53	2025-10-01	19:00:00	250	f	f	t	2	5
54	2025-10-01	17:30:00	200	f	f	f	1	5
55	2025-10-02	21:20:00	250	f	f	f	2	3
56	2025-10-02	19:50:00	120	f	f	f	3	3
57	2025-10-02	12:30:00	250	f	t	f	1	3
58	2025-10-02	21:20:00	250	f	t	t	3	4
59	2025-10-02	10:10:00	220	f	f	f	1	4
60	2025-10-02	19:50:00	120	t	t	f	2	4
61	2025-10-02	15:45:00	250	f	t	f	2	5
62	2025-10-02	15:00:00	150	f	f	t	1	5
63	2025-10-02	17:30:00	200	f	f	t	3	5
\.


--
-- Data for Name: cinema_ticket; Type: TABLE DATA; Schema: public; Owner: admin
--

COPY public.cinema_ticket (id, price, "row", seat, status, created_at, session_id, user_id) FROM stdin;
1	120	1	1	paid	2025-09-26 11:33:54.788222+00	9	502
2	120	2	2	paid	2025-09-26 11:33:54.788259+00	9	502
3	120	3	3	paid	2025-09-26 11:33:54.788284+00	9	502
4	120	4	4	paid	2025-09-26 11:33:54.788309+00	9	502
5	120	5	5	paid	2025-09-26 11:33:54.788332+00	9	502
6	3	9	3	booked	2025-09-26 11:34:05.835631+00	9	503
7	3	9	4	booked	2025-09-26 11:34:05.835664+00	9	503
8	3	9	6	booked	2025-09-26 11:34:05.835689+00	9	503
9	3	9	7	booked	2025-09-26 11:34:05.835714+00	9	503
10	3	9	5	booked	2025-09-26 11:34:05.835738+00	9	503
\.


--
-- Data for Name: core_gallery; Type: TABLE DATA; Schema: public; Owner: admin
--

COPY public.core_gallery (id, name_gallery) FROM stdin;
1	Cinema_1_gallery
2	news_banner_3_gallery
3	Home Banner Images
4	News Banner Images
5	Film_1_gallery
6	Film_2_gallery
7	Film_3_gallery
8	Cinema_2_gallery
9	Hall_3_gallery
10	Hall_4_gallery
11	Cinema_6_gallery
12	Hall_5_gallery
13	Gallery for Item 1
14	Gallery for Item 2
15	Gallery for Item 3
16	OtherPage_1_gallery
17	Film_4_gallery
\.


--
-- Data for Name: core_image; Type: TABLE DATA; Schema: public; Owner: admin
--

COPY public.core_image (id, image, gallery_id) FROM stdin;
2	gallery_images/bg_xik2TMi.webp	1
3	gallery_images/bg_OpaCN2q.webp	1
6	gallery_images/bg_BmbvsSd.webp	2
11	gallery_images/bg_Shsgt62.webp	3
12	gallery_images/bg_uZKJRvJ.webp	3
13	gallery_images/bg_6Z0sLBL.webp	4
14	gallery_images/bg_Tl9qYM6.webp	5
16	gallery_images/bg_I0a2c1n.webp	6
17	gallery_images/bg_5nMNaJm.webp	7
18	gallery_images/bg_RcTN290.webp	8
21	gallery_images/bg_DtootG6.webp	9
22	gallery_images/bg_4Omq62O.webp	10
23	gallery_images/bg_Xs8CKSm.webp	11
24	gallery_images/bg_tJFYS85.webp	12
25	gallery_images/bg_wx4aSgI.webp	13
26	gallery_images/bg_5bfuYn7.webp	14
27	gallery_images/bg_JVEjmDF.webp	15
28	gallery_images/bg_bFNTvpu.webp	16
\.


--
-- Data for Name: core_mailingcampaign; Type: TABLE DATA; Schema: public; Owner: admin
--

COPY public.core_mailingcampaign (id, status, task_id, send_to_all, recipients, total_recipients, sent_count, started_at, completed_at) FROM stdin;
1	completed	85e097e0-ea57-4396-b5f9-c5c968f59eee	t	[]	1	1	2025-09-25 15:27:54.497935+00	2025-09-25 15:27:54.749558+00
2	completed	93220ee1-a3b5-41bf-9932-0953cac733a8	f	["1"]	1	1	2025-09-25 15:28:09.582618+00	2025-09-25 15:28:09.638221+00
3	completed	372acae2-b4ae-4fc9-b4df-6d426d2ada2c	f	["1", "2", "3", "21", "22", "23"]	6	6	2025-09-26 12:21:23.52659+00	2025-09-26 12:21:24.129647+00
4	completed	0cc4f84b-2dde-4f81-a7f3-e33ae239c17d	f	["502", "503"]	2	2	2025-09-26 12:38:55.412504+00	2025-09-26 12:38:55.685153+00
5	completed	2b5cbb65-0d70-40db-8785-b13d2bf6fa51	f	["502", "503"]	2	2	2025-09-26 12:42:32.444206+00	2025-09-26 12:42:36.137963+00
6	failed	042573e5-ce5d-46cf-960d-c8ec603d7e74	f	["502", "503"]	2	0	2025-09-30 12:22:14.198509+00	\N
7	failed	3c04a159-ee2d-46ea-8894-87f5e3bbea21	f	["502", "503"]	2	0	2025-09-30 12:28:05.215365+00	\N
8	failed	c3736d62-d493-4c84-9236-9a16968dd13c	f	["502", "503"]	2	0	2025-09-30 12:32:21.186643+00	\N
9	completed	af9e7a40-6ed7-4d32-8b99-e780241900b1	f	["502", "503"]	2	2	2025-09-30 12:40:31.763015+00	2025-09-30 12:40:34.932067+00
\.


--
-- Data for Name: core_mailingcampaign_templates; Type: TABLE DATA; Schema: public; Owner: admin
--

COPY public.core_mailingcampaign_templates (id, mailingcampaign_id, mailingtemplate_id) FROM stdin;
8	8	2
9	9	2
\.


--
-- Data for Name: core_mailingtemplate; Type: TABLE DATA; Schema: public; Owner: admin
--

COPY public.core_mailingtemplate (id, name, file, created_at) FROM stdin;
2	hi.html	mailing_templates/hi_dM2ukXt.html	2025-09-30 12:32:07.719631+00
\.


--
-- Data for Name: core_seoblock; Type: TABLE DATA; Schema: public; Owner: admin
--

COPY public.core_seoblock (id, slug, title_seo, title_seo_ru, title_seo_en, keywords_seo, keywords_seo_ru, keywords_seo_en, description_seo, description_seo_ru, description_seo_en) FROM stdin;
2	film-now-1	Фильм 1	Фильм 1	Фильм 1	Фильм 1	Фильм 1	Фильм 1	Фильм 1	Фильм 1	Фильм 1
3	film-now-2	film-now-2	film-now-2	film-now-2	film-now-2	film-now-2	film-now-2	film-now-2	film-now-2	film-now-2
4	film-now-3	Film 3	Film 3	Film 3	Film 3	Film 3	Film 3	Film 3	Film 3	Film 3
6	hall-1	hall-1	hall-1	hall-1	hall-1	hall-1	hall-1	hall-1	hall-1	hall-1
8	hall-2	hall-2	hall-2	hall-2	hall-2	hall-2	hall-2	hall-2	hall-2	hall-2
13	cinema-2	cinema-2	cinema-2	cinema-2	cinema-2	cinema-2	cinema-2	cinema-2	cinema-2	cinema-2
14	news-1	NEWS1	NEWS1	news-1	NEWS1	NEWS1	news-1	NEWS1	NEWS1	news-1
15	news-2	Новость 2	Новость 2	Новость 2	Новость 2	Новость 2	Новость 2	Новость 2	Новость 2	Новость 2
16	promotion-1	promotion-1	promotion-1	promotion-1	promotion-1	promotion-1	promotion-1	promotion-1	promotion-1	promotion-1
17	contacts	contacts	contacts	\N	contacts	contacts	\N	contacts	contacts	\N
18	page-1758812583	\N	КофеКофеКофе	КофеКофеКофе	\N	КофеКофеКофе	КофеКофеКофе	\N	КофеКофеКофе	КофеКофеКофе
\.


--
-- Data for Name: django_admin_log; Type: TABLE DATA; Schema: public; Owner: admin
--

COPY public.django_admin_log (id, action_time, object_id, object_repr, action_flag, change_message, content_type_id, user_id) FROM stdin;
\.


--
-- Data for Name: django_celery_results_chordcounter; Type: TABLE DATA; Schema: public; Owner: admin
--

COPY public.django_celery_results_chordcounter (id, group_id, sub_tasks, count) FROM stdin;
\.


--
-- Data for Name: django_celery_results_groupresult; Type: TABLE DATA; Schema: public; Owner: admin
--

COPY public.django_celery_results_groupresult (id, group_id, date_created, date_done, content_type, content_encoding, result) FROM stdin;
\.


--
-- Data for Name: django_celery_results_taskresult; Type: TABLE DATA; Schema: public; Owner: admin
--

COPY public.django_celery_results_taskresult (id, task_id, periodic_task_name, task_name, task_args, task_kwargs, status, worker, content_type, content_encoding, result, date_created, date_started, date_done, traceback, meta) FROM stdin;
1	85e097e0-ea57-4396-b5f9-c5c968f59eee	\N	\N	\N	\N	SUCCESS	\N	application/json	utf-8	"\\u0420\\u0430\\u0441\\u0441\\u044b\\u043b\\u043a\\u0430 \\u0437\\u0430\\u0432\\u0435\\u0440\\u0448\\u0435\\u043d\\u0430. \\u041e\\u0442\\u043f\\u0440\\u0430\\u0432\\u043b\\u0435\\u043d\\u043e 1 \\u0438\\u0437 1 \\u043f\\u0438\\u0441\\u0435\\u043c."	2025-09-25 15:27:54.763523+00	\N	2025-09-25 15:27:54.763548+00	\N	{"children": []}
2	93220ee1-a3b5-41bf-9932-0953cac733a8	\N	\N	\N	\N	SUCCESS	\N	application/json	utf-8	"\\u0420\\u0430\\u0441\\u0441\\u044b\\u043b\\u043a\\u0430 \\u0437\\u0430\\u0432\\u0435\\u0440\\u0448\\u0435\\u043d\\u0430. \\u041e\\u0442\\u043f\\u0440\\u0430\\u0432\\u043b\\u0435\\u043d\\u043e 1 \\u0438\\u0437 1 \\u043f\\u0438\\u0441\\u0435\\u043c."	2025-09-25 15:28:09.644397+00	\N	2025-09-25 15:28:09.644429+00	\N	{"children": []}
3	372acae2-b4ae-4fc9-b4df-6d426d2ada2c	\N	\N	\N	\N	SUCCESS	\N	application/json	utf-8	"\\u0420\\u0430\\u0441\\u0441\\u044b\\u043b\\u043a\\u0430 \\u0437\\u0430\\u0432\\u0435\\u0440\\u0448\\u0435\\u043d\\u0430. \\u041e\\u0442\\u043f\\u0440\\u0430\\u0432\\u043b\\u0435\\u043d\\u043e 6 \\u0438\\u0437 6 \\u043f\\u0438\\u0441\\u0435\\u043c."	2025-09-26 12:21:24.159119+00	\N	2025-09-26 12:21:24.159143+00	\N	{"children": []}
4	0cc4f84b-2dde-4f81-a7f3-e33ae239c17d	\N	\N	\N	\N	SUCCESS	\N	application/json	utf-8	"\\u0420\\u0430\\u0441\\u0441\\u044b\\u043b\\u043a\\u0430 \\u0437\\u0430\\u0432\\u0435\\u0440\\u0448\\u0435\\u043d\\u0430. \\u041e\\u0442\\u043f\\u0440\\u0430\\u0432\\u043b\\u0435\\u043d\\u043e 2 \\u0438\\u0437 2 \\u043f\\u0438\\u0441\\u0435\\u043c."	2025-09-26 12:38:55.693071+00	\N	2025-09-26 12:38:55.6931+00	\N	{"children": []}
5	2b5cbb65-0d70-40db-8785-b13d2bf6fa51	\N	\N	\N	\N	SUCCESS	\N	application/json	utf-8	"\\u0420\\u0430\\u0441\\u0441\\u044b\\u043b\\u043a\\u0430 \\u0437\\u0430\\u0432\\u0435\\u0440\\u0448\\u0435\\u043d\\u0430. \\u041e\\u0442\\u043f\\u0440\\u0430\\u0432\\u043b\\u0435\\u043d\\u043e 2 \\u0438\\u0437 2 \\u043f\\u0438\\u0441\\u0435\\u043c."	2025-09-26 12:42:36.146458+00	\N	2025-09-26 12:42:36.146482+00	\N	{"children": []}
6	042573e5-ce5d-46cf-960d-c8ec603d7e74	\N	\N	\N	\N	FAILURE	\N	application/json	utf-8	{"exc_type": "FileNotFoundError", "exc_message": [2, "No such file or directory"], "exc_module": "builtins"}	2025-09-30 12:22:15.150968+00	\N	2025-09-30 12:22:15.151003+00	\N	{"children": []}
7	3c04a159-ee2d-46ea-8894-87f5e3bbea21	\N	\N	\N	\N	FAILURE	\N	application/json	utf-8	{"exc_type": "FileNotFoundError", "exc_message": [2, "No such file or directory"], "exc_module": "builtins"}	2025-09-30 12:28:05.420916+00	\N	2025-09-30 12:28:05.421042+00	\N	{"children": []}
8	c3736d62-d493-4c84-9236-9a16968dd13c	\N	\N	\N	\N	FAILURE	\N	application/json	utf-8	{"exc_type": "FileNotFoundError", "exc_message": [2, "No such file or directory"], "exc_module": "builtins"}	2025-09-30 12:32:21.272399+00	\N	2025-09-30 12:32:21.272425+00	\N	{"children": []}
9	af9e7a40-6ed7-4d32-8b99-e780241900b1	\N	\N	\N	\N	SUCCESS	\N	application/json	utf-8	"\\u0420\\u0430\\u0441\\u0441\\u044b\\u043b\\u043a\\u0430 \\u0437\\u0430\\u0432\\u0435\\u0440\\u0448\\u0435\\u043d\\u0430. \\u041e\\u0442\\u043f\\u0440\\u0430\\u0432\\u043b\\u0435\\u043d\\u043e 2 \\u0438\\u0437 2 \\u043f\\u0438\\u0441\\u0435\\u043c."	2025-09-30 12:40:34.945145+00	\N	2025-09-30 12:40:34.945168+00	\N	{"children": []}
\.


--
-- Data for Name: django_content_type; Type: TABLE DATA; Schema: public; Owner: admin
--

COPY public.django_content_type (id, app_label, model) FROM stdin;
1	admin	logentry
2	auth	permission
3	auth	group
4	contenttypes	contenttype
5	sessions	session
6	core	gallery
7	core	mailingtemplate
8	core	seoblock
9	core	image
10	core	mailingcampaign
11	users	customuser
12	page	contact
13	page	mainpage
14	page	newspromotionpage
15	page	otherpage
16	cinema	cinema
17	cinema	film
18	cinema	hall
19	cinema	moviesession
20	cinema	ticket
21	banner	banners
22	banner	backgroundbanner
23	banner	homebanner
24	banner	homenewssharesbanner
25	django_celery_results	chordcounter
26	django_celery_results	groupresult
27	django_celery_results	taskresult
\.


--
-- Data for Name: django_migrations; Type: TABLE DATA; Schema: public; Owner: admin
--

COPY public.django_migrations (id, app, name, applied) FROM stdin;
1	contenttypes	0001_initial	2025-09-25 12:06:56.837009+00
2	contenttypes	0002_remove_content_type_name	2025-09-25 12:06:56.84718+00
3	auth	0001_initial	2025-09-25 12:06:56.926415+00
4	auth	0002_alter_permission_name_max_length	2025-09-25 12:06:56.93337+00
5	auth	0003_alter_user_email_max_length	2025-09-25 12:06:56.942049+00
6	auth	0004_alter_user_username_opts	2025-09-25 12:06:56.949018+00
7	auth	0005_alter_user_last_login_null	2025-09-25 12:06:56.956542+00
8	auth	0006_require_contenttypes_0002	2025-09-25 12:06:56.959439+00
9	auth	0007_alter_validators_add_error_messages	2025-09-25 12:06:56.967773+00
10	auth	0008_alter_user_username_max_length	2025-09-25 12:06:56.976786+00
11	auth	0009_alter_user_last_name_max_length	2025-09-25 12:06:56.988439+00
12	auth	0010_alter_group_name_max_length	2025-09-25 12:06:57.000227+00
13	auth	0011_update_proxy_permissions	2025-09-25 12:06:57.009188+00
14	auth	0012_alter_user_first_name_max_length	2025-09-25 12:06:57.017007+00
15	users	0001_initial	2025-09-25 12:06:57.124271+00
16	admin	0001_initial	2025-09-25 12:06:57.175105+00
17	admin	0002_logentry_remove_auto_add	2025-09-25 12:06:57.187917+00
18	admin	0003_logentry_add_action_flag_choices	2025-09-25 12:06:57.204794+00
19	core	0001_initial	2025-09-25 12:06:57.342684+00
21	cinema	0001_initial	2025-09-25 12:06:57.64316+00
22	cinema	0002_initial	2025-09-25 12:06:57.702658+00
23	django_celery_results	0001_initial	2025-09-25 12:06:57.839847+00
24	page	0001_initial	2025-09-25 12:06:58.075198+00
25	sessions	0001_initial	2025-09-25 12:06:58.105783+00
27	banner	0001_initial	2025-09-25 13:02:53.982894+00
\.


--
-- Data for Name: django_session; Type: TABLE DATA; Schema: public; Owner: admin
--

COPY public.django_session (session_key, session_data, expire_date) FROM stdin;
5h8ood3v5bs9y4fpp4f76qqtfyk3ozh5	.eJxVjEEOgjAQRe_StWk6084ALt17hmbaKYIaSCisjHdXEha6_e-9_zJRtnWIWy1LHNWcDTlvTr9rkvwo0470LtNttnme1mVMdlfsQau9zlqel8P9OxikDt8aGRG9c8LYiAZqESUQ5bbknNhz1ysE7lt1IbETAKDGEyAFLtQpmPcH-rk20w:1v26hm:wwLtKzMxe1WDwr4g4l1js-WPSbegNwcGG-CLoeMphKw	2025-10-10 11:33:38.146947+00
w2z2mtqkvni1v3uthnf83d1gdq0tg21a	.eJxVjDsOwyAQBe9CHSF-hiVlep8BLSwEJxGWjF1FuXtsyUXSvpl5bxZwW2vYel7CROzKJLv8bhHTM7cD0APbfeZpbusyRX4o_KSdjzPl1-10_w4q9rrXaK2TuZD2ZCQkpZU0ohgy4MgnEMolQeBh2AUcpLUCjEZKCjzGooF9vseaNyU:1v26k7:BP85fLqH0fB9694--5xv9us_C3PbZz7aphup3Q_Zk_o	2025-10-10 11:36:03.833001+00
secmbwrqaue3yibtcqkx284n8vuu1uae	.eJxVjDsOwyAQBe9CHSF-hiVlep8BLSwEJxGWjF1FuXtsyUXSvpl5bxZwW2vYel7CROzKJLv8bhHTM7cD0APbfeZpbusyRX4o_KSdjzPl1-10_w4q9rrXaK2TuZD2ZCQkpZU0ohgy4MgnEMolQeBh2AUcpLUCjEZKCjzGooF9vseaNyU:1v3DlU:Y7RcJg0BQXt1c7Vvrp6BQodrSTwbqeG909uD4opsau4	2025-10-13 13:18:04.354054+00
\.


--
-- Data for Name: page_contact; Type: TABLE DATA; Schema: public; Owner: admin
--

COPY public.page_contact (id, name, address, coords, logo, status, time_created, seo_block_id) FROM stdin;
1	Новый кинотеатр	Новый кинотеатрНовый кинотеатр		contacts/logos/bg.webp	t	2025-09-25 15:02:33.959552+00	\N
\.


--
-- Data for Name: page_mainpage; Type: TABLE DATA; Schema: public; Owner: admin
--

COPY public.page_mainpage (id, phone1, phone2, seo_text, seo_text_ru, seo_text_en, status, time_created, seo_block_id) FROM stdin;
1					\N	t	2025-09-25 15:02:07.191779+00	\N
\.


--
-- Data for Name: page_newspromotionpage; Type: TABLE DATA; Schema: public; Owner: admin
--

COPY public.page_newspromotionpage (id, is_promotion, status, name, name_ru, name_en, time_created, description, description_ru, description_en, main_image, url_movie, gallery_banner_id, seo_block_id) FROM stdin;
1	f	t	Новость 1	Новость 1	News 1	2025-09-25 00:00:00+00	Новость 1Новость 1Новость 1	Новость 1Новость 1Новость 1	News 1News 1News 1	news_promotion/bg.webp		13	14
2	f	t	Новость 2	Новость 2	news2	2025-09-25 00:00:00+00	Новость 2Новость 2	Новость 2Новость 2	news2	news_promotion/bg_KBr16n6.webp		14	15
3	t	t	АКЦИЯ 1111111	АКЦИЯ 1111111	АКЦИЯ 1111111	2025-09-25 00:00:00+00	АКЦИЯ 1111111АКЦИЯ 1111111	АКЦИЯ 1111111АКЦИЯ 1111111	АКЦИЯ 1111111	news_promotion/bg_tb8h5A6.webp		15	16
\.


--
-- Data for Name: page_otherpage; Type: TABLE DATA; Schema: public; Owner: admin
--

COPY public.page_otherpage (id, name, title, title_ru, title_en, description, description_ru, description_en, main_image, status, time_created, gallery_id, seo_block_id) FROM stdin;
1	новая-страница	Кофе	Кофе	Кофе	КофеКофеКофеКофе	КофеКофеКофеКофе	КофеКофеКофе	pages/main/bg.webp	t	2025-09-25 15:03:03.368014+00	16	18
\.


--
-- Data for Name: users_customuser; Type: TABLE DATA; Schema: public; Owner: admin
--

COPY public.users_customuser (id, password, last_login, is_superuser, is_staff, is_active, date_joined, first_name, last_name, username, email, address, phone, birthday, card_number, city, gender, language) FROM stdin;
2	pbkdf2_sha256$1000000$tqzwIkEoLvIYNK8XcN838N$etwdUCZj+ZDO2fQC4vRliaIm+6UeWMZHC9QTpifrbYI=	\N	f	f	t	2025-09-26 10:12:56.952334+00	Тест	Пользователь_2	testuser_2	testuser_2@example.com	\N	\N	\N	\N	\N	\N	\N
3	pbkdf2_sha256$1000000$A3aLIgiocVn2UL1OWwZp8n$sxMFHBPPYKBTVqP2GyWiMDxqu7nXwKwHR6vS50zlZ6I=	\N	f	f	t	2025-09-26 10:12:57.810539+00	Тест	Пользователь_3	testuser_3	testuser_3@example.com	\N	\N	\N	\N	\N	\N	\N
4	pbkdf2_sha256$1000000$qXeHvtujYX3ZlvwH21sy5H$r1Qr9VOZA0/1Y40UvQHtM/2SHM/8nbqd2K4B+cUibd4=	\N	f	f	t	2025-09-26 10:12:58.642319+00	Тест	Пользователь_4	testuser_4	testuser_4@example.com	\N	\N	\N	\N	\N	\N	\N
5	pbkdf2_sha256$1000000$3xzGV6H8zBnbjxfZ36TRDz$BQocudmCXp/Sa76me98HaSHziC89WPWalzmuf5bVxXc=	\N	f	f	t	2025-09-26 10:12:59.489066+00	Тест	Пользователь_5	testuser_5	testuser_5@example.com	\N	\N	\N	\N	\N	\N	\N
6	pbkdf2_sha256$1000000$VtqSQmNIuagWayUA0vVTnH$2Zw6rdf8d0qtWCXih4BCPmxP5WG57GRshmlwGLMwbV0=	\N	f	f	t	2025-09-26 10:13:00.304465+00	Тест	Пользователь_6	testuser_6	testuser_6@example.com	\N	\N	\N	\N	\N	\N	\N
7	pbkdf2_sha256$1000000$xLS9LezwdGYmO9P2lf8WKf$1PAbCwsooHNk4CzmKuaym0FhMry/UGuVBSWoLw/UOdw=	\N	f	f	t	2025-09-26 10:13:01.137515+00	Тест	Пользователь_7	testuser_7	testuser_7@example.com	\N	\N	\N	\N	\N	\N	\N
8	pbkdf2_sha256$1000000$n8kd03VSg3MJq3eWgRoPjz$VHeQMRM6coan2Gsh5mysHCscQbN8bfDG8I2TQqOq2Go=	\N	f	f	t	2025-09-26 10:13:02.027722+00	Тест	Пользователь_8	testuser_8	testuser_8@example.com	\N	\N	\N	\N	\N	\N	\N
9	pbkdf2_sha256$1000000$1m8v9uE3XUtmik4sBG1ukP$sP/lgmS77O4SrZbsLkdsicwXIStbNHtT3NOxOKrk+ls=	\N	f	f	t	2025-09-26 10:13:02.929031+00	Тест	Пользователь_9	testuser_9	testuser_9@example.com	\N	\N	\N	\N	\N	\N	\N
10	pbkdf2_sha256$1000000$BKl11TDEHbG4R3Fi0UNKDk$OfTFjMBBAdMIYcmq9fiTbZ0xN03Qhpyz1317c0seWpA=	\N	f	f	t	2025-09-26 10:13:03.837634+00	Тест	Пользователь_10	testuser_10	testuser_10@example.com	\N	\N	\N	\N	\N	\N	\N
11	pbkdf2_sha256$1000000$vt4XLTUsRWI5FfTN4nYaRi$oaiUId9G1d4w8Em1ffzx9AlBPQwgSs/EuPiRAjoyUNA=	\N	f	f	t	2025-09-26 10:13:04.706511+00	Тест	Пользователь_11	testuser_11	testuser_11@example.com	\N	\N	\N	\N	\N	\N	\N
12	pbkdf2_sha256$1000000$4qpdBGQTowmreDEChLUpPW$Ov46iMjqwjNBRlEQtwT5yTn2QIHJlQ54cWMud+n1N+I=	\N	f	f	t	2025-09-26 10:13:05.569593+00	Тест	Пользователь_12	testuser_12	testuser_12@example.com	\N	\N	\N	\N	\N	\N	\N
13	pbkdf2_sha256$1000000$clcCik0g57VOCmlpmAwxK5$EY2cta1IIemywyVjBrRVLFitxjG3NC2vIQKbtH0sAm0=	\N	f	f	t	2025-09-26 10:13:06.45312+00	Тест	Пользователь_13	testuser_13	testuser_13@example.com	\N	\N	\N	\N	\N	\N	\N
14	pbkdf2_sha256$1000000$1yk3ryE3kpUyvBxdddpnKk$IUQklHuSyv//9iXH1EMH8deTjsYpIAbC1iPe8//dJa8=	\N	f	f	t	2025-09-26 10:13:07.323203+00	Тест	Пользователь_14	testuser_14	testuser_14@example.com	\N	\N	\N	\N	\N	\N	\N
15	pbkdf2_sha256$1000000$tsaci0oRneQVrkrnQdlCPC$mAB0NE9IfmnROvSKWqA56RnQg9S6mAUTGJjTjsMXpCc=	\N	f	f	t	2025-09-26 10:13:08.240756+00	Тест	Пользователь_15	testuser_15	testuser_15@example.com	\N	\N	\N	\N	\N	\N	\N
16	pbkdf2_sha256$1000000$5jOKPaV9yrlht0zr11yRoD$FKNHzuzzXroZAdvX4t4wKQxSaSrSMyJ455K/1qFcU3w=	\N	f	f	t	2025-09-26 10:13:09.111725+00	Тест	Пользователь_16	testuser_16	testuser_16@example.com	\N	\N	\N	\N	\N	\N	\N
17	pbkdf2_sha256$1000000$Lm47POMKcEXTRIgtqw3b2F$uLscCQGE8dxqmmt20ocaEM3ivRozcgVo/BhZO0lIUGc=	\N	f	f	t	2025-09-26 10:13:10.006444+00	Тест	Пользователь_17	testuser_17	testuser_17@example.com	\N	\N	\N	\N	\N	\N	\N
18	pbkdf2_sha256$1000000$bBN18oQTTfsEOLi4QxYNSg$3DVKTM8XBJx2NzovEYPe7J7Rls2/smrEbCqmdsCk/T4=	\N	f	f	t	2025-09-26 10:13:10.841741+00	Тест	Пользователь_18	testuser_18	testuser_18@example.com	\N	\N	\N	\N	\N	\N	\N
19	pbkdf2_sha256$1000000$ybHfYpP4sX5pA3jKEMnANF$b/QWJcPMp4vIYr2rsJSbQAmShVPKhHlqKIQLbRy/oTs=	\N	f	f	t	2025-09-26 10:13:11.661082+00	Тест	Пользователь_19	testuser_19	testuser_19@example.com	\N	\N	\N	\N	\N	\N	\N
20	pbkdf2_sha256$1000000$BYgssHUMZfkWec2qgxIgRs$loZFrG7FQBeqmg58f7fIjYoCMWk0PiL79PI3o94A4KA=	\N	f	f	t	2025-09-26 10:13:12.48951+00	Тест	Пользователь_20	testuser_20	testuser_20@example.com	\N	\N	\N	\N	\N	\N	\N
21	pbkdf2_sha256$1000000$f3D3u9yS8k6AM3EfUh0mFg$j6K/FvfK1kxAIOsUsESJMoXVdfy89kkumz5XLBS7BEE=	\N	f	f	t	2025-09-26 10:13:13.322529+00	Тест	Пользователь_21	testuser_21	testuser_21@example.com	\N	\N	\N	\N	\N	\N	\N
22	pbkdf2_sha256$1000000$weaUipNApHRWKhEuH6389u$pKrRcZV9hi0LHZbUl7cRcsdRMdfWw4MHVuJ33vt8pxo=	\N	f	f	t	2025-09-26 10:13:14.173369+00	Тест	Пользователь_22	testuser_22	testuser_22@example.com	\N	\N	\N	\N	\N	\N	\N
23	pbkdf2_sha256$1000000$2RfMeRveHH1eSFw976npfs$Qh6M6ERBkYkUCS0ZRFcMKzta91+++3mbUJm5XRP7jfY=	\N	f	f	t	2025-09-26 10:13:15.002535+00	Тест	Пользователь_23	testuser_23	testuser_23@example.com	\N	\N	\N	\N	\N	\N	\N
24	pbkdf2_sha256$1000000$ocUTNw6SdeQkh4nhnxyhzC$YjdUPt4ockwBqjHbWvy31Mfbi+PEZ7C8KKPagQ4Dg98=	\N	f	f	t	2025-09-26 10:13:15.820898+00	Тест	Пользователь_24	testuser_24	testuser_24@example.com	\N	\N	\N	\N	\N	\N	\N
25	pbkdf2_sha256$1000000$oTYBDAE68W39eOLtBYm4bk$F6mxgA4dEKylemOZkX0MdjvAq1m+n2MoXNL5BsWpCSM=	\N	f	f	t	2025-09-26 10:13:16.634148+00	Тест	Пользователь_25	testuser_25	testuser_25@example.com	\N	\N	\N	\N	\N	\N	\N
26	pbkdf2_sha256$1000000$529RynBT8ig8jIkF3mX1Eg$dzSKZhAEXdZQrttYxFHxL6QM5516+QZXusrD5DQ5RFE=	\N	f	f	t	2025-09-26 10:13:17.462624+00	Тест	Пользователь_26	testuser_26	testuser_26@example.com	\N	\N	\N	\N	\N	\N	\N
27	pbkdf2_sha256$1000000$bntb74kC7BjfHqE1FLk5aT$0nOOQsFqHRRTsm6DijR1pNZRR5dZ54Zgm4Z9Hp7rBGk=	\N	f	f	t	2025-09-26 10:13:18.28423+00	Тест	Пользователь_27	testuser_27	testuser_27@example.com	\N	\N	\N	\N	\N	\N	\N
28	pbkdf2_sha256$1000000$eA8yGGIGPrTEGfr9eheIuN$WmZ321LwzlzPWrAwtjuqKcudXebIU0q7YOHGbmmYrsA=	\N	f	f	t	2025-09-26 10:13:19.157842+00	Тест	Пользователь_28	testuser_28	testuser_28@example.com	\N	\N	\N	\N	\N	\N	\N
29	pbkdf2_sha256$1000000$QQcof3EJIMrO4v4MHeUCTY$qfBBf8UmMQFfVGvdEBoFJzKQQzweE35v0BByY3fsxd4=	\N	f	f	t	2025-09-26 10:13:20.018133+00	Тест	Пользователь_29	testuser_29	testuser_29@example.com	\N	\N	\N	\N	\N	\N	\N
30	pbkdf2_sha256$1000000$lc4d77TZ5Wt3yDMlzJqCau$DY93ACt0LJ0gT8yi4sEfVpKWqWpWH0naApn5FGIWXH8=	\N	f	f	t	2025-09-26 10:13:20.841596+00	Тест	Пользователь_30	testuser_30	testuser_30@example.com	\N	\N	\N	\N	\N	\N	\N
31	pbkdf2_sha256$1000000$6ADeZ2qLo5diNwPCr3rJ4q$3jx2SFYlUbS/pJRsKFBEpx2kAvRDs0JKU/dbN/s8Xd0=	\N	f	f	t	2025-09-26 10:13:21.69234+00	Тест	Пользователь_31	testuser_31	testuser_31@example.com	\N	\N	\N	\N	\N	\N	\N
32	pbkdf2_sha256$1000000$5qKeH48M1QvpNGb0BquhrO$iJr2dcUpRKxgxkjaTPnv5PgLw3Q8vOI2LICUWO4Q978=	\N	f	f	t	2025-09-26 10:13:22.586446+00	Тест	Пользователь_32	testuser_32	testuser_32@example.com	\N	\N	\N	\N	\N	\N	\N
33	pbkdf2_sha256$1000000$XYhUVEnG3XA5F5EW6RkuRE$s8UHFJUIEesE/j2gay8PXXXjVUaPpgXTT3Phx1pVv3E=	\N	f	f	t	2025-09-26 10:13:23.435612+00	Тест	Пользователь_33	testuser_33	testuser_33@example.com	\N	\N	\N	\N	\N	\N	\N
34	pbkdf2_sha256$1000000$OawIGGqbqY9SBd8TWch9nJ$1EmG6+PRZd/nAhrNUo6xfy76r9/WvDcpzJGXv4nJPEQ=	\N	f	f	t	2025-09-26 10:13:24.299677+00	Тест	Пользователь_34	testuser_34	testuser_34@example.com	\N	\N	\N	\N	\N	\N	\N
35	pbkdf2_sha256$1000000$jC0U4FcBTOwgDnv4Krcsg2$//R9R3Ozikn6b1lPk0ITLg0+O5RaklEaPXViJjM1VHw=	\N	f	f	t	2025-09-26 10:13:25.171948+00	Тест	Пользователь_35	testuser_35	testuser_35@example.com	\N	\N	\N	\N	\N	\N	\N
36	pbkdf2_sha256$1000000$OE8DZfYNutgBOsIHeJ92jK$drwnB5/9OKWpkSHgKa7aVG9P16kCG27XMMt8VjqKHK0=	\N	f	f	t	2025-09-26 10:13:26.015628+00	Тест	Пользователь_36	testuser_36	testuser_36@example.com	\N	\N	\N	\N	\N	\N	\N
37	pbkdf2_sha256$1000000$SjNCZZGcl0rhdFIewRCiU0$CfUKHHDXQAfJHV1RxueybEACo6Som6AiSpWo48TCEkU=	\N	f	f	t	2025-09-26 10:13:26.873588+00	Тест	Пользователь_37	testuser_37	testuser_37@example.com	\N	\N	\N	\N	\N	\N	\N
38	pbkdf2_sha256$1000000$xxQurXjnokikXhhQot9jvr$6dWqZEvD9GvdNquvtUOmyOJuu12cAY5QzvYSikRPvas=	\N	f	f	t	2025-09-26 10:13:27.719507+00	Тест	Пользователь_38	testuser_38	testuser_38@example.com	\N	\N	\N	\N	\N	\N	\N
39	pbkdf2_sha256$1000000$3kHIyZaNXlHmdOuDbfz0JD$s+D9xIEiVlcblHlyqSR5qs1SDyRBy1yXNzaNOo4Hejg=	\N	f	f	t	2025-09-26 10:13:28.571273+00	Тест	Пользователь_39	testuser_39	testuser_39@example.com	\N	\N	\N	\N	\N	\N	\N
40	pbkdf2_sha256$1000000$KpmqXfXm7lm6zZ8oddjZ00$w5+7lHz8aSHXjB4TmA5d59f0cGpZ1UWJlfGWi0zOfnU=	\N	f	f	t	2025-09-26 10:13:29.454075+00	Тест	Пользователь_40	testuser_40	testuser_40@example.com	\N	\N	\N	\N	\N	\N	\N
41	pbkdf2_sha256$1000000$IlE4Os6yjJoVgq8VXNl8Ct$blyGkyXuRI4NCjrbEmXTKDZwudkqpxDKJP1bPKgLYrA=	\N	f	f	t	2025-09-26 10:13:30.31748+00	Тест	Пользователь_41	testuser_41	testuser_41@example.com	\N	\N	\N	\N	\N	\N	\N
42	pbkdf2_sha256$1000000$ikzpgRCQ1AhWlGDdprhpHI$aZ3Q5k4LGo40rmyibNzEMFrARip7bdCHiUK5OQXvAw4=	\N	f	f	t	2025-09-26 10:13:31.19196+00	Тест	Пользователь_42	testuser_42	testuser_42@example.com	\N	\N	\N	\N	\N	\N	\N
43	pbkdf2_sha256$1000000$1WwDo2Qy8WXE2bRp5MTSkr$1iyTao9F3KnGj1VEHxmmSWcFrQCa9YotekadEMeqtjs=	\N	f	f	t	2025-09-26 10:13:32.05803+00	Тест	Пользователь_43	testuser_43	testuser_43@example.com	\N	\N	\N	\N	\N	\N	\N
44	pbkdf2_sha256$1000000$VIXo7UsVnFeP9drWN9AZgb$pvEWv1GMRJa4d3fDUyfJCwtFa67BNi3Iv9W1YdzvuLU=	\N	f	f	t	2025-09-26 10:13:32.880739+00	Тест	Пользователь_44	testuser_44	testuser_44@example.com	\N	\N	\N	\N	\N	\N	\N
45	pbkdf2_sha256$1000000$LFioFjoDVYAx5jTwlN4k5w$FR8bLOZAoTkX05pfUOIHkMbM3RD3Og7EjpIPdeceM/A=	\N	f	f	t	2025-09-26 10:13:34.215316+00	Тест	Пользователь_45	testuser_45	testuser_45@example.com	\N	\N	\N	\N	\N	\N	\N
46	pbkdf2_sha256$1000000$rnFNTZ3lRhpGzUf3tuu6wP$xuBz4XV9CLHH1sM/Hkp8cvy9iMmk5m9Tl6AaVzeXYx0=	\N	f	f	t	2025-09-26 10:13:35.161929+00	Тест	Пользователь_46	testuser_46	testuser_46@example.com	\N	\N	\N	\N	\N	\N	\N
47	pbkdf2_sha256$1000000$64CHoNWzlI362EhqQFPmAf$mxbn5dz/gbxkOJBS7DcJnAx8+PHzodkN6sJzRRXk+gQ=	\N	f	f	t	2025-09-26 10:13:36.035132+00	Тест	Пользователь_47	testuser_47	testuser_47@example.com	\N	\N	\N	\N	\N	\N	\N
48	pbkdf2_sha256$1000000$iAkdeUFs7KJcpe4x7aLDGU$LNVuUJv1k2UTRV5OY8/OhIRf03R6D/0LhX+QUMgFOT0=	\N	f	f	t	2025-09-26 10:13:36.8863+00	Тест	Пользователь_48	testuser_48	testuser_48@example.com	\N	\N	\N	\N	\N	\N	\N
49	pbkdf2_sha256$1000000$WTcPh08QqMvCwxmUch1AaO$L2oV0Jb4h3AzWDB4hurBbsoxgla3tZ1Ng6rVczF0xY8=	\N	f	f	t	2025-09-26 10:13:37.741695+00	Тест	Пользователь_49	testuser_49	testuser_49@example.com	\N	\N	\N	\N	\N	\N	\N
50	pbkdf2_sha256$1000000$z5KgxajopV7hDIcUj9F6ps$knbkWQiuvn+GyvbAf11KMcEGEmMNX35SzLud/XxJrBc=	\N	f	f	t	2025-09-26 10:13:38.560758+00	Тест	Пользователь_50	testuser_50	testuser_50@example.com	\N	\N	\N	\N	\N	\N	\N
51	pbkdf2_sha256$1000000$HK5pS985JvbJQITd6StQab$vB3vObErNjUbn93+VjqL5OswyoRokxuWAVB1r3DBCjw=	\N	f	f	t	2025-09-26 10:13:39.416818+00	Тест	Пользователь_51	testuser_51	testuser_51@example.com	\N	\N	\N	\N	\N	\N	\N
52	pbkdf2_sha256$1000000$SpY1X6ItbU4nqSB1j9HdGs$q54zdcWXf0kRrQWiNz0B4qIYt2pUjba8gYZIJwPUhSI=	\N	f	f	t	2025-09-26 10:13:40.299973+00	Тест	Пользователь_52	testuser_52	testuser_52@example.com	\N	\N	\N	\N	\N	\N	\N
53	pbkdf2_sha256$1000000$if5HKjBqapXkI6yTa8VmWY$+yD2C3G8C6HbGWRScaTX6Z3G2b8xfI5JiMfYP7+Fclc=	\N	f	f	t	2025-09-26 10:13:41.149742+00	Тест	Пользователь_53	testuser_53	testuser_53@example.com	\N	\N	\N	\N	\N	\N	\N
54	pbkdf2_sha256$1000000$VoXnVDhfhVSd2xDxObJj8K$mMXkcJGJYZB9DVcsGmljCeru6HFijm4pjG9bDVPd2wg=	\N	f	f	t	2025-09-26 10:13:42.021292+00	Тест	Пользователь_54	testuser_54	testuser_54@example.com	\N	\N	\N	\N	\N	\N	\N
55	pbkdf2_sha256$1000000$rx9UaDcZ2T2vv4WXiq0VNW$UWLud0AOdSCQeob4P8mC/2bVtZXdhPme2LeSV1BLW4c=	\N	f	f	t	2025-09-26 10:13:42.925685+00	Тест	Пользователь_55	testuser_55	testuser_55@example.com	\N	\N	\N	\N	\N	\N	\N
56	pbkdf2_sha256$1000000$pdOq7vQYFeDjtP6jiX2CuC$kC+w5ejiqRpfZeFFb3Ta2Q+piVZ6zjWMRb6sCMv5yvI=	\N	f	f	t	2025-09-26 10:13:43.778526+00	Тест	Пользователь_56	testuser_56	testuser_56@example.com	\N	\N	\N	\N	\N	\N	\N
57	pbkdf2_sha256$1000000$NrKU4MetNg7DswWN1CI64Q$dYOn5OMkAy6QdlWQ1sYkpIDAMn9BjrbqOMe44NURzrk=	\N	f	f	t	2025-09-26 10:13:44.62793+00	Тест	Пользователь_57	testuser_57	testuser_57@example.com	\N	\N	\N	\N	\N	\N	\N
58	pbkdf2_sha256$1000000$GlSoLobf3qPhOzug0ozBmP$JLy8ZD8cyG63bg49qsSnwH4Ec5BQ7NCUhbuDeC6+UGg=	\N	f	f	t	2025-09-26 10:13:45.448524+00	Тест	Пользователь_58	testuser_58	testuser_58@example.com	\N	\N	\N	\N	\N	\N	\N
59	pbkdf2_sha256$1000000$jKobom5ABY4Oj9zQvArkWE$1aGKgFXF9jyRG47AoAkBtP+G0ry4Cjz85Cl0UB7ozr4=	\N	f	f	t	2025-09-26 10:13:46.435518+00	Тест	Пользователь_59	testuser_59	testuser_59@example.com	\N	\N	\N	\N	\N	\N	\N
60	pbkdf2_sha256$1000000$fOWLp6bDa2EqknhihIVmmZ$RbDoMIiEuuRn2VYFU8aLrj41494M2yKi6xPs31U2sSQ=	\N	f	f	t	2025-09-26 10:13:47.390302+00	Тест	Пользователь_60	testuser_60	testuser_60@example.com	\N	\N	\N	\N	\N	\N	\N
61	pbkdf2_sha256$1000000$SMAEVvE149Bb2oUjw0REOX$GyZGW/a7QOnZk9DsH3vXuds481yIpX7hWBDAt3YkKaI=	\N	f	f	t	2025-09-26 10:13:48.251666+00	Тест	Пользователь_61	testuser_61	testuser_61@example.com	\N	\N	\N	\N	\N	\N	\N
62	pbkdf2_sha256$1000000$2y4UlZ64YtW9XsaoiMCszK$E1xlkB98kLsQEKdigO9UULn572FAV6tiRIqaHiH5i+w=	\N	f	f	t	2025-09-26 10:13:49.184458+00	Тест	Пользователь_62	testuser_62	testuser_62@example.com	\N	\N	\N	\N	\N	\N	\N
63	pbkdf2_sha256$1000000$bvtGyy4rUrCdrVrede2Rhb$fUkgNG5SKueQ/ZVecHWoMay5Hq3snqUj2YfPm8muTs0=	\N	f	f	t	2025-09-26 10:13:50.094541+00	Тест	Пользователь_63	testuser_63	testuser_63@example.com	\N	\N	\N	\N	\N	\N	\N
64	pbkdf2_sha256$1000000$nMxUxQPOQ90j0aHLoGD9HX$NiS4NoaxzzxpAVDT3snTIG7JeLLtIgBsowthrAndKl8=	\N	f	f	t	2025-09-26 10:13:50.972112+00	Тест	Пользователь_64	testuser_64	testuser_64@example.com	\N	\N	\N	\N	\N	\N	\N
65	pbkdf2_sha256$1000000$j7vdATe5g4sv0OngHkI2hk$rMKa6w/5xT7Ha+9+u3lBMJcYWmZ/yFVrDofyBYWilgM=	\N	f	f	t	2025-09-26 10:13:51.877662+00	Тест	Пользователь_65	testuser_65	testuser_65@example.com	\N	\N	\N	\N	\N	\N	\N
66	pbkdf2_sha256$1000000$e0gLgprGE9OHQYhjN4yIY2$iLnOJD9brJrVabYsDBH2Wgq0OFzh64eV+I0B/kIwgk4=	\N	f	f	t	2025-09-26 10:13:52.72722+00	Тест	Пользователь_66	testuser_66	testuser_66@example.com	\N	\N	\N	\N	\N	\N	\N
67	pbkdf2_sha256$1000000$N5NgAkkX8OryKuMhklDxH3$rOhUWfxHipDQu/3efPguUobe+wAx5n8N5RV5L8PdJh4=	\N	f	f	t	2025-09-26 10:13:53.615943+00	Тест	Пользователь_67	testuser_67	testuser_67@example.com	\N	\N	\N	\N	\N	\N	\N
68	pbkdf2_sha256$1000000$kkEH0KcmFqJ0RQn0wUu5qa$VUoasjOFQJE62s0Hn6xEN2u+MOSa3GAQan1SgzJF/0I=	\N	f	f	t	2025-09-26 10:13:54.473683+00	Тест	Пользователь_68	testuser_68	testuser_68@example.com	\N	\N	\N	\N	\N	\N	\N
69	pbkdf2_sha256$1000000$TzIarr4eNfBIRxY7y3oLkm$JKGF+ZK7wZRBSKr6CaAIV9ePQbeEfWhAwuBkkfaF4Y4=	\N	f	f	t	2025-09-26 10:13:55.322471+00	Тест	Пользователь_69	testuser_69	testuser_69@example.com	\N	\N	\N	\N	\N	\N	\N
70	pbkdf2_sha256$1000000$s2ChQ7CtiGEtuVEUFtQOOT$/adHym7brvmY3PHX01um/0zGPnIZu6TGV2UyMI/E874=	\N	f	f	t	2025-09-26 10:13:56.161684+00	Тест	Пользователь_70	testuser_70	testuser_70@example.com	\N	\N	\N	\N	\N	\N	\N
71	pbkdf2_sha256$1000000$7Ow2KzR6GSAlVQfVj2uVl3$N8p6Mjl3BKdOrRd3poRiPAVVNipsKbXsvEkbgZaym2U=	\N	f	f	t	2025-09-26 10:13:56.998625+00	Тест	Пользователь_71	testuser_71	testuser_71@example.com	\N	\N	\N	\N	\N	\N	\N
72	pbkdf2_sha256$1000000$hEIhcHiFzIFCP0KeFlDwH9$uKOQchwSpYRM8yN1h5lZccAFXuyjfXkY0MIGo1jdjgE=	\N	f	f	t	2025-09-26 10:13:57.837555+00	Тест	Пользователь_72	testuser_72	testuser_72@example.com	\N	\N	\N	\N	\N	\N	\N
73	pbkdf2_sha256$1000000$p7lCPGEI3a3pOgzmiZBCpR$5YtGR/Cc/tKL908bRHKzVYqu+s9WqWEBFsu5PNOaCuM=	\N	f	f	t	2025-09-26 10:13:58.709176+00	Тест	Пользователь_73	testuser_73	testuser_73@example.com	\N	\N	\N	\N	\N	\N	\N
74	pbkdf2_sha256$1000000$YDpb6QBY8UJ5gpdAtFoUkA$lTpZOWX2IIqL5lZ5a8TXhCeQmH2f39rmmVULTzC0bN4=	\N	f	f	t	2025-09-26 10:13:59.56036+00	Тест	Пользователь_74	testuser_74	testuser_74@example.com	\N	\N	\N	\N	\N	\N	\N
75	pbkdf2_sha256$1000000$mdk1W58jXk7lB3nXRQ87Af$RKQt05t0mdldnKTiSgu0H4GX/tZqGFXobTKY3MzR38k=	\N	f	f	t	2025-09-26 10:14:00.435505+00	Тест	Пользователь_75	testuser_75	testuser_75@example.com	\N	\N	\N	\N	\N	\N	\N
76	pbkdf2_sha256$1000000$8brBWLE4Hi9pMD7rjdOOn8$nNFqn93naum/iFdse8AGRE70dKY/sKlzJcUuFkynP3w=	\N	f	f	t	2025-09-26 10:14:01.268307+00	Тест	Пользователь_76	testuser_76	testuser_76@example.com	\N	\N	\N	\N	\N	\N	\N
77	pbkdf2_sha256$1000000$Rs1R1FcEG9g64nlU6kYQwV$Y158RBZQ7Hn5mPRPFNLEjjUn3BztgRVflgviGGthRnQ=	\N	f	f	t	2025-09-26 10:14:02.126204+00	Тест	Пользователь_77	testuser_77	testuser_77@example.com	\N	\N	\N	\N	\N	\N	\N
78	pbkdf2_sha256$1000000$zzKXCcHRAYEaWGmEQpfeBH$KN4JR7W2mZ02DBIQZdCTIR1Byix/bLqKE2vq9kOgB68=	\N	f	f	t	2025-09-26 10:14:02.977054+00	Тест	Пользователь_78	testuser_78	testuser_78@example.com	\N	\N	\N	\N	\N	\N	\N
79	pbkdf2_sha256$1000000$3N7AHPJZDjE6VyFpi3vhGs$WhgiQXIpK8UwU7cuaeVY8YJWhDYScXy1UfYY2RYruVA=	\N	f	f	t	2025-09-26 10:14:03.842941+00	Тест	Пользователь_79	testuser_79	testuser_79@example.com	\N	\N	\N	\N	\N	\N	\N
80	pbkdf2_sha256$1000000$5X8ZRfcqrIYP2ESJTOiTqJ$IPrmdioHV4f4gS1WooBUEPzYkpDP6aDArv60WGwpc+A=	\N	f	f	t	2025-09-26 10:14:04.674323+00	Тест	Пользователь_80	testuser_80	testuser_80@example.com	\N	\N	\N	\N	\N	\N	\N
81	pbkdf2_sha256$1000000$veiErmH3RLKBFIH7uB3j4r$jzbFa/X6WGqYQk+RQzura4ZOXKt8m+TeFr9QvnefOF4=	\N	f	f	t	2025-09-26 10:14:05.530323+00	Тест	Пользователь_81	testuser_81	testuser_81@example.com	\N	\N	\N	\N	\N	\N	\N
82	pbkdf2_sha256$1000000$1sL16nhstpb9TvLS0xASyI$uBRYpD7hb+Ej80B67QW/+6JdyiPNXBU3LBzcOIzameM=	\N	f	f	t	2025-09-26 10:14:06.348001+00	Тест	Пользователь_82	testuser_82	testuser_82@example.com	\N	\N	\N	\N	\N	\N	\N
83	pbkdf2_sha256$1000000$tSmoTAskM1Ef3wwR4k8TJP$1IaNIcSaEQ++pUKZHDdZQOoJRx2KVTA4fNgR5+gJeuo=	\N	f	f	t	2025-09-26 10:14:07.228787+00	Тест	Пользователь_83	testuser_83	testuser_83@example.com	\N	\N	\N	\N	\N	\N	\N
84	pbkdf2_sha256$1000000$hAp4kxna8X26gbv6Ci6Y1P$Ibm7OLQyDZxis/RCn2gAZ/OdBERcWyAbVEBe8v1WLgM=	\N	f	f	t	2025-09-26 10:14:08.069498+00	Тест	Пользователь_84	testuser_84	testuser_84@example.com	\N	\N	\N	\N	\N	\N	\N
85	pbkdf2_sha256$1000000$p7pamCY8tLXIKXvbVe0ksE$Wfe9tAYw8JprU8HLC6dFDvTlYV6+uVIgj/936QQyEfU=	\N	f	f	t	2025-09-26 10:14:08.954319+00	Тест	Пользователь_85	testuser_85	testuser_85@example.com	\N	\N	\N	\N	\N	\N	\N
86	pbkdf2_sha256$1000000$trf19kUtmjOXHd6X2pPsgS$2GKBRPPAh7ldV6OTQkmyu++3u4ezKOvWMKQhhgQ1iVI=	\N	f	f	t	2025-09-26 10:14:09.80234+00	Тест	Пользователь_86	testuser_86	testuser_86@example.com	\N	\N	\N	\N	\N	\N	\N
87	pbkdf2_sha256$1000000$B5o4PM4sMu0odvV23HauD3$OA3+EapRjril7A7oV4wIPxNresbl+ojev3aP6SJOS+Y=	\N	f	f	t	2025-09-26 10:14:10.635728+00	Тест	Пользователь_87	testuser_87	testuser_87@example.com	\N	\N	\N	\N	\N	\N	\N
88	pbkdf2_sha256$1000000$p8M0IycsO4hnp3csc5QJBS$mq/OCBj2y1b/Tzc+UOPEHox+dvhubFC6Nxt10oSftes=	\N	f	f	t	2025-09-26 10:14:11.482486+00	Тест	Пользователь_88	testuser_88	testuser_88@example.com	\N	\N	\N	\N	\N	\N	\N
89	pbkdf2_sha256$1000000$RVFMwIU7FH5PleHlULIgVe$WDdCfvkPY7rjUhKCai69Lorsn/VP8Eun8VvCehtPl6I=	\N	f	f	t	2025-09-26 10:14:12.316923+00	Тест	Пользователь_89	testuser_89	testuser_89@example.com	\N	\N	\N	\N	\N	\N	\N
90	pbkdf2_sha256$1000000$ux5bF2XD14rXCmHHhNFLu4$KSqPBwdOxXIE246v2vTdGoAkpIIzVywa2C7g3+I3fJo=	\N	f	f	t	2025-09-26 10:14:13.154337+00	Тест	Пользователь_90	testuser_90	testuser_90@example.com	\N	\N	\N	\N	\N	\N	\N
91	pbkdf2_sha256$1000000$FtH1El7Iz9ETpnGJQ53N3P$TN7QiNoS3Q1i5hwZ7vlThxN5CO74KYU+YSA+SWxRAm0=	\N	f	f	t	2025-09-26 10:14:13.992413+00	Тест	Пользователь_91	testuser_91	testuser_91@example.com	\N	\N	\N	\N	\N	\N	\N
92	pbkdf2_sha256$1000000$0AJzFfvIgFIDG6Bz6RDukG$gkecgog6YczNDksgXkiECih3vKOCFpJSEBFW9s17kIQ=	\N	f	f	t	2025-09-26 10:14:14.818758+00	Тест	Пользователь_92	testuser_92	testuser_92@example.com	\N	\N	\N	\N	\N	\N	\N
93	pbkdf2_sha256$1000000$gAa9VrtdLIpTOu7zI2jK78$kqtlHIxy95p/71h9mURFbfw/bpheRGo+qTOYA7ct2nU=	\N	f	f	t	2025-09-26 10:14:15.614692+00	Тест	Пользователь_93	testuser_93	testuser_93@example.com	\N	\N	\N	\N	\N	\N	\N
94	pbkdf2_sha256$1000000$wonzYeOYZV511jKnS3laiZ$bfZpUwaUw1tzY03a+c1cKOnSUNv6834exbtgsiu3m4Q=	\N	f	f	t	2025-09-26 10:14:16.431566+00	Тест	Пользователь_94	testuser_94	testuser_94@example.com	\N	\N	\N	\N	\N	\N	\N
95	pbkdf2_sha256$1000000$h29U8cw65hszyLooib811m$99T+i+bhFxgWkB1KTqatiWjkvAjA+0gyDq2NTzUExqE=	\N	f	f	t	2025-09-26 10:14:17.233878+00	Тест	Пользователь_95	testuser_95	testuser_95@example.com	\N	\N	\N	\N	\N	\N	\N
96	pbkdf2_sha256$1000000$sYOMxj72hlttoZ6YxSHr20$Rz4cv9UXir/VHHEb3WlCMNL5HzrugfMZlrGljlF8+ps=	\N	f	f	t	2025-09-26 10:14:18.03826+00	Тест	Пользователь_96	testuser_96	testuser_96@example.com	\N	\N	\N	\N	\N	\N	\N
97	pbkdf2_sha256$1000000$ghxmjAmD0XIxwO8abzK5mV$O+te6x45R+YVdJpoM4iXMkN3EveUE7O2DOAadwEIghg=	\N	f	f	t	2025-09-26 10:14:18.911245+00	Тест	Пользователь_97	testuser_97	testuser_97@example.com	\N	\N	\N	\N	\N	\N	\N
98	pbkdf2_sha256$1000000$0GaMBii8iB3olh8yhTb8sI$7c7H2LvqueJh9CawtWqY+6VMMgkgLLR5OGTHwGsWPFs=	\N	f	f	t	2025-09-26 10:14:19.728591+00	Тест	Пользователь_98	testuser_98	testuser_98@example.com	\N	\N	\N	\N	\N	\N	\N
99	pbkdf2_sha256$1000000$6Wx7giqT3Jp0O3db7Zeb0A$d0+GKN+Ewiq+euu//Wsqhg+QeCHnEGmY6+chv9mg64E=	\N	f	f	t	2025-09-26 10:14:20.572864+00	Тест	Пользователь_99	testuser_99	testuser_99@example.com	\N	\N	\N	\N	\N	\N	\N
100	pbkdf2_sha256$1000000$5yHJh60q5yICvpwpT9FGbe$UVL95X1R21OBcuul2gbkhiC1dlpKOmfQgsn5pauKIiY=	\N	f	f	t	2025-09-26 10:14:21.429604+00	Тест	Пользователь_100	testuser_100	testuser_100@example.com	\N	\N	\N	\N	\N	\N	\N
101	pbkdf2_sha256$1000000$Dxs8kJCQ2rs6BnPS9faKwp$R4IJFq0IKwr4p9OAmOOzuYy4tngs68HPKczHyXD28C0=	\N	f	f	t	2025-09-26 10:14:22.293871+00	Тест	Пользователь_101	testuser_101	testuser_101@example.com	\N	\N	\N	\N	\N	\N	\N
102	pbkdf2_sha256$1000000$27U1GmrPMAcGH52ewgBsLV$xzJWdmOZt0H+hP9j7+lSzdA7UDunOaarHChTBIJQTEM=	\N	f	f	t	2025-09-26 10:14:23.151812+00	Тест	Пользователь_102	testuser_102	testuser_102@example.com	\N	\N	\N	\N	\N	\N	\N
103	pbkdf2_sha256$1000000$oRCyGiOr2o60pAmVXLxDE2$5L5DsbPxBMXG/HfoCDPxI/yEANiokfAJfK/ND1PviZ0=	\N	f	f	t	2025-09-26 10:14:23.982872+00	Тест	Пользователь_103	testuser_103	testuser_103@example.com	\N	\N	\N	\N	\N	\N	\N
104	pbkdf2_sha256$1000000$mPIxpGwqS7dSe0wvt2ZMtE$k3lFjMFiFgryXg2s7GVV9xQ2H69n4pz/IUJKDygWvGA=	\N	f	f	t	2025-09-26 10:14:24.807428+00	Тест	Пользователь_104	testuser_104	testuser_104@example.com	\N	\N	\N	\N	\N	\N	\N
105	pbkdf2_sha256$1000000$6PosK4OL1plDW7r7nhlsIt$Aa5a0+K+gpp1hltwZwUb7+RQz7f4GYFZzWIxmSbOtrQ=	\N	f	f	t	2025-09-26 10:14:25.668009+00	Тест	Пользователь_105	testuser_105	testuser_105@example.com	\N	\N	\N	\N	\N	\N	\N
106	pbkdf2_sha256$1000000$68Fxf4ZdHTSt9GlqkMwYKG$HgI83XQZpKelUjmCg5DyC7nl8C36H2htM8n6FjCvmlc=	\N	f	f	t	2025-09-26 10:14:26.568196+00	Тест	Пользователь_106	testuser_106	testuser_106@example.com	\N	\N	\N	\N	\N	\N	\N
107	pbkdf2_sha256$1000000$vbJTwYnBSVO0An7ICKNyQO$fo/vzIAXqUnWrAyrko18OIjkKG96SKJgrvaiNsCdscQ=	\N	f	f	t	2025-09-26 10:14:27.535049+00	Тест	Пользователь_107	testuser_107	testuser_107@example.com	\N	\N	\N	\N	\N	\N	\N
108	pbkdf2_sha256$1000000$PP9DpFy58kSLDS1z8v4oDc$hnLlk+ENwec9TfGpfN9xyo6d/1BYaR5oKyDtQNGrC/M=	\N	f	f	t	2025-09-26 10:14:28.457335+00	Тест	Пользователь_108	testuser_108	testuser_108@example.com	\N	\N	\N	\N	\N	\N	\N
109	pbkdf2_sha256$1000000$ruhzVd5cjQfeye3ubcTAPg$ChVFeUSBvCRAQLq1lNEQLufUU3RbIfjRT/UXMTEG7xg=	\N	f	f	t	2025-09-26 10:14:29.368857+00	Тест	Пользователь_109	testuser_109	testuser_109@example.com	\N	\N	\N	\N	\N	\N	\N
110	pbkdf2_sha256$1000000$SK08XKLLyOppydH3MIuA6x$OgtY7OBkXFsi/4HionZGE0j8pdjxEuxmwFCZy509M58=	\N	f	f	t	2025-09-26 10:14:30.247238+00	Тест	Пользователь_110	testuser_110	testuser_110@example.com	\N	\N	\N	\N	\N	\N	\N
111	pbkdf2_sha256$1000000$XbsPTZy59ZbgxrndwhLOZN$y6UnDzSCNgSTOjgXLSwiV5RbDHRsDMS6OHwzUjfMYBM=	\N	f	f	t	2025-09-26 10:14:31.10054+00	Тест	Пользователь_111	testuser_111	testuser_111@example.com	\N	\N	\N	\N	\N	\N	\N
112	pbkdf2_sha256$1000000$p4BwRfo3aDNMCF9TmO2dZh$nMBaLPefB0EXfQ8RJMPVrBYW56VPvyLYBrxNzWqGHEY=	\N	f	f	t	2025-09-26 10:14:31.969213+00	Тест	Пользователь_112	testuser_112	testuser_112@example.com	\N	\N	\N	\N	\N	\N	\N
113	pbkdf2_sha256$1000000$tTgAPTteUPU7lVuDoIRfXW$HXi+WoJ8xdGhlreC3urvdyKfF0chaHnxaHwFTQCdw+A=	\N	f	f	t	2025-09-26 10:14:32.865337+00	Тест	Пользователь_113	testuser_113	testuser_113@example.com	\N	\N	\N	\N	\N	\N	\N
114	pbkdf2_sha256$1000000$p3LEeeIYBXiTRIYD0VUu8z$UXywnFOZBYodpzqVlsbqjYa1/qdWrkk1PB2Mjg/9qzo=	\N	f	f	t	2025-09-26 10:14:33.732319+00	Тест	Пользователь_114	testuser_114	testuser_114@example.com	\N	\N	\N	\N	\N	\N	\N
115	pbkdf2_sha256$1000000$Jrl1vaV3OQhZhouIhzfzA9$ax5JI0rD2PPh5LkcYpq5XecquuuRkk5dsn0iVqFYlZw=	\N	f	f	t	2025-09-26 10:14:34.626006+00	Тест	Пользователь_115	testuser_115	testuser_115@example.com	\N	\N	\N	\N	\N	\N	\N
116	pbkdf2_sha256$1000000$oLyOIW9jSBI56VvHnLBxWR$NKmJQ7h7u9HRDkX9G9zYYRN6zBWLDHW41vqqZKlsDoc=	\N	f	f	t	2025-09-26 10:14:35.622236+00	Тест	Пользователь_116	testuser_116	testuser_116@example.com	\N	\N	\N	\N	\N	\N	\N
117	pbkdf2_sha256$1000000$tpRz9HwUDctVFo4CIRs7Qu$a0Vk0550I5WaxD/cfsJFEDzW3tCG2dHuHT00E4apaaw=	\N	f	f	t	2025-09-26 10:14:36.592471+00	Тест	Пользователь_117	testuser_117	testuser_117@example.com	\N	\N	\N	\N	\N	\N	\N
118	pbkdf2_sha256$1000000$ty8s4JpJ5Rf7n8nrx2rZ7j$anjRETmpYD7hkDspUmN3tng5qzas8xwfpqDN9cY4qT4=	\N	f	f	t	2025-09-26 10:14:37.533846+00	Тест	Пользователь_118	testuser_118	testuser_118@example.com	\N	\N	\N	\N	\N	\N	\N
119	pbkdf2_sha256$1000000$9s566Hq5XowGb9bFjPcwZB$Bpl3rWv0Lv2OHW3D+sQn9Of4F2bElnL2jUp46Xbm9b4=	\N	f	f	t	2025-09-26 10:14:38.429587+00	Тест	Пользователь_119	testuser_119	testuser_119@example.com	\N	\N	\N	\N	\N	\N	\N
120	pbkdf2_sha256$1000000$5sSYFEOU3mmRWXjNoHYmFZ$80IIJDCyAdcWww7vC2uJPLK8aBMtyG+YA+uCuopaUYc=	\N	f	f	t	2025-09-26 10:14:39.269836+00	Тест	Пользователь_120	testuser_120	testuser_120@example.com	\N	\N	\N	\N	\N	\N	\N
121	pbkdf2_sha256$1000000$nEmiHMxpvIIgf2u9wMkfm8$m8ysZGarnewPFjZO2tiu6HvbgRYG5edtuesfIzbD8i4=	\N	f	f	t	2025-09-26 10:14:40.194435+00	Тест	Пользователь_121	testuser_121	testuser_121@example.com	\N	\N	\N	\N	\N	\N	\N
122	pbkdf2_sha256$1000000$apAqcDHXzPxtwKuRme2qJw$yea3YiF/lDSf1WQcZ435HFngY+IGnLCxHslzlQDYHd0=	\N	f	f	t	2025-09-26 10:14:41.058946+00	Тест	Пользователь_122	testuser_122	testuser_122@example.com	\N	\N	\N	\N	\N	\N	\N
123	pbkdf2_sha256$1000000$NIpKsvV1WrvjAqvKcbDipk$h/pSiDuEDuTx7JPsBRL4TP+XI28+nSa7xNV+lGjgyiY=	\N	f	f	t	2025-09-26 10:14:41.984446+00	Тест	Пользователь_123	testuser_123	testuser_123@example.com	\N	\N	\N	\N	\N	\N	\N
124	pbkdf2_sha256$1000000$o5oFUxA0UrTBow6bu1ZyRb$DpUnMBWSW5pad7/g2TdmPZAilx5dH/mg1if7z3+oSRM=	\N	f	f	t	2025-09-26 10:14:42.910929+00	Тест	Пользователь_124	testuser_124	testuser_124@example.com	\N	\N	\N	\N	\N	\N	\N
125	pbkdf2_sha256$1000000$ZGBXSOkDigg0EHyFAZx2TL$NoLShtIlx9yEUbP7WociJVgdyZmeraOvRxGf7ks2YnM=	\N	f	f	t	2025-09-26 10:14:43.752379+00	Тест	Пользователь_125	testuser_125	testuser_125@example.com	\N	\N	\N	\N	\N	\N	\N
126	pbkdf2_sha256$1000000$X8ZEZlwFHFv0xT02xsWQf2$Nma0UdAl7b3y7oAlMfOEl1nGK16L4p3RdOs0tLtyrm8=	\N	f	f	t	2025-09-26 10:14:44.594919+00	Тест	Пользователь_126	testuser_126	testuser_126@example.com	\N	\N	\N	\N	\N	\N	\N
127	pbkdf2_sha256$1000000$knz8blq6h2RUFFFw5jfbW6$VaLtGAAAfDgtQjZEqhN6ej2mhlWmQ4IfyrIzdL6li1M=	\N	f	f	t	2025-09-26 10:14:45.443314+00	Тест	Пользователь_127	testuser_127	testuser_127@example.com	\N	\N	\N	\N	\N	\N	\N
128	pbkdf2_sha256$1000000$iUSCoLy0HBsuLJ2Yxfafrl$bzN+TRsQdZVkrMc/DXa2GFU+7J8KdyKhBLCJ5ByWD5c=	\N	f	f	t	2025-09-26 10:14:46.268154+00	Тест	Пользователь_128	testuser_128	testuser_128@example.com	\N	\N	\N	\N	\N	\N	\N
129	pbkdf2_sha256$1000000$WJ1VYUeesK9YWtM9OL9atE$6fsbhF+3T0jbV9ZyPdVSFnFZ58sc85/UP0jxsHbyais=	\N	f	f	t	2025-09-26 10:14:47.093411+00	Тест	Пользователь_129	testuser_129	testuser_129@example.com	\N	\N	\N	\N	\N	\N	\N
130	pbkdf2_sha256$1000000$9kcvcQi007kfPJmT8VqbEs$ShYrxjn7SzgEXrlCCigT498GWfL1Ct8dt1N5RkQL+2w=	\N	f	f	t	2025-09-26 10:14:47.878092+00	Тест	Пользователь_130	testuser_130	testuser_130@example.com	\N	\N	\N	\N	\N	\N	\N
131	pbkdf2_sha256$1000000$TjFg4zbtdK7NHGDw0HhF8w$eVt86qO9oWCYylYnqX2crrPFUAGUmakWKPh2T5+JbGM=	\N	f	f	t	2025-09-26 10:14:48.686995+00	Тест	Пользователь_131	testuser_131	testuser_131@example.com	\N	\N	\N	\N	\N	\N	\N
132	pbkdf2_sha256$1000000$OFktIxbVtMUKb0jnFW68tI$Rc/N3ps92jseEWlXRe2MBbbx7HWlNtkyP151/xI4SU4=	\N	f	f	t	2025-09-26 10:14:49.493626+00	Тест	Пользователь_132	testuser_132	testuser_132@example.com	\N	\N	\N	\N	\N	\N	\N
133	pbkdf2_sha256$1000000$BBoVKw9k4JQWOA9ASFFGYD$GgTYqt1+qP8MK3Ib49ztu5KMdq5HYgaWwUvm+OxI1ks=	\N	f	f	t	2025-09-26 10:14:50.333558+00	Тест	Пользователь_133	testuser_133	testuser_133@example.com	\N	\N	\N	\N	\N	\N	\N
134	pbkdf2_sha256$1000000$lyJ4pYzKyJEBpaVawt98f0$+zIiQp32JuwojY0iN2sFUYS0OoUH/S56dUj4KKYiQmA=	\N	f	f	t	2025-09-26 10:14:51.151731+00	Тест	Пользователь_134	testuser_134	testuser_134@example.com	\N	\N	\N	\N	\N	\N	\N
135	pbkdf2_sha256$1000000$2XSPJ6SrvDsMLffOjwbP9W$5l1HiHfj8Nz9lVBrlRFFGjXGwHGN6uUBt3mdxccEfvs=	\N	f	f	t	2025-09-26 10:14:52.046672+00	Тест	Пользователь_135	testuser_135	testuser_135@example.com	\N	\N	\N	\N	\N	\N	\N
136	pbkdf2_sha256$1000000$0qTQT0iQ9g4Wh0PZz0mY8S$t2OfARS3uJXyjvhfNrYs9ftY+vW7oLAToet5qsNFwSU=	\N	f	f	t	2025-09-26 10:14:52.855378+00	Тест	Пользователь_136	testuser_136	testuser_136@example.com	\N	\N	\N	\N	\N	\N	\N
137	pbkdf2_sha256$1000000$2W11cSitMSbzGdoJu6FkdQ$o8yLY86NZd0YwKZDOSJMTSKX2ED2uuLu0EpwK7mfBCc=	\N	f	f	t	2025-09-26 10:14:53.680194+00	Тест	Пользователь_137	testuser_137	testuser_137@example.com	\N	\N	\N	\N	\N	\N	\N
138	pbkdf2_sha256$1000000$GPMo1dtuEVuRvEFiikL88x$nHNa2wPah0v+iMgH99txpH2SYcwZC8A+0QHSwb18C1w=	\N	f	f	t	2025-09-26 10:14:54.551664+00	Тест	Пользователь_138	testuser_138	testuser_138@example.com	\N	\N	\N	\N	\N	\N	\N
139	pbkdf2_sha256$1000000$Azr0YKodhIWB7BwtsDih3K$2KsFCavn/URC9NnDyYQzseJYnPil7eWEZHGuefzEibA=	\N	f	f	t	2025-09-26 10:14:55.380966+00	Тест	Пользователь_139	testuser_139	testuser_139@example.com	\N	\N	\N	\N	\N	\N	\N
140	pbkdf2_sha256$1000000$iaDSaljVDTUFLrcBlDCo5s$JA0PCzcygUiWWXukx6nxR39wQLbeX3y/laD+RTBmPfg=	\N	f	f	t	2025-09-26 10:14:56.209489+00	Тест	Пользователь_140	testuser_140	testuser_140@example.com	\N	\N	\N	\N	\N	\N	\N
141	pbkdf2_sha256$1000000$PaBhvbHuMYgUAIQBpame2i$S0Mn0yvlkbVaZfQn5JQigQIFiYyqitK/8i8TXFuWZWk=	\N	f	f	t	2025-09-26 10:14:57.055324+00	Тест	Пользователь_141	testuser_141	testuser_141@example.com	\N	\N	\N	\N	\N	\N	\N
142	pbkdf2_sha256$1000000$tXXEUJ4UGFhJZG7LIgJEAn$r69rPFRsEVSui008eRC7glshEeeESypxUxr+MxgN3zY=	\N	f	f	t	2025-09-26 10:14:57.864735+00	Тест	Пользователь_142	testuser_142	testuser_142@example.com	\N	\N	\N	\N	\N	\N	\N
143	pbkdf2_sha256$1000000$Zb3QGgysOkgG0CTkEXj1j5$ri+Oy41V8dgswN05ovlhIJfag2/bGWouKVBftBweG/E=	\N	f	f	t	2025-09-26 10:14:58.698379+00	Тест	Пользователь_143	testuser_143	testuser_143@example.com	\N	\N	\N	\N	\N	\N	\N
144	pbkdf2_sha256$1000000$PBt2Hn2g9C6BIDtXRdvZAi$9Rd8FaK9IxOjEEvz05obt7zGnSW14xXErkjoBZkNbgU=	\N	f	f	t	2025-09-26 10:14:59.515172+00	Тест	Пользователь_144	testuser_144	testuser_144@example.com	\N	\N	\N	\N	\N	\N	\N
145	pbkdf2_sha256$1000000$iMTAGVPNM3EDhOn6HjcLDO$bK0f419qV2xHKSLrJIE56T5UA0YChV18zHpM8yc5KE0=	\N	f	f	t	2025-09-26 10:15:00.422782+00	Тест	Пользователь_145	testuser_145	testuser_145@example.com	\N	\N	\N	\N	\N	\N	\N
146	pbkdf2_sha256$1000000$JFqwcmKjlJo9xBh9nRrbAQ$6tU5k+BFA5OtZfjjYtmng50II4NegLypbgo1O8yWX68=	\N	f	f	t	2025-09-26 10:15:01.305097+00	Тест	Пользователь_146	testuser_146	testuser_146@example.com	\N	\N	\N	\N	\N	\N	\N
147	pbkdf2_sha256$1000000$TfDmiqVPJSkm6WKsel9FLi$IgSfVRuASV0yzhMnKiGrVsA2NHANvKbiW5nR6aLjXBA=	\N	f	f	t	2025-09-26 10:15:02.13865+00	Тест	Пользователь_147	testuser_147	testuser_147@example.com	\N	\N	\N	\N	\N	\N	\N
148	pbkdf2_sha256$1000000$mCrzvNVcmYq0PnKMPuIpPK$4yG7p/rKQ9fKEX0nuSgZtP9PpOzQKP4Ii2iUOTWeI3w=	\N	f	f	t	2025-09-26 10:15:03.006602+00	Тест	Пользователь_148	testuser_148	testuser_148@example.com	\N	\N	\N	\N	\N	\N	\N
149	pbkdf2_sha256$1000000$rp01aHbqVEEo5OGmVGkjJ2$pON8mputR4p2U9/Xw4HTiA7/aie/bARsvXnVOMW/OmI=	\N	f	f	t	2025-09-26 10:15:03.876435+00	Тест	Пользователь_149	testuser_149	testuser_149@example.com	\N	\N	\N	\N	\N	\N	\N
150	pbkdf2_sha256$1000000$lXEksN6Nyje5jefd6qe5E4$cIpNebaBrrwUIhtF3gABOIszIqEIXFKdToJuum6FiP4=	\N	f	f	t	2025-09-26 10:15:04.717227+00	Тест	Пользователь_150	testuser_150	testuser_150@example.com	\N	\N	\N	\N	\N	\N	\N
151	pbkdf2_sha256$1000000$FPdu52poXIFfZ8C1nsR85m$FogyVNKP5u1llVw1pu2nRe7sxFgCEU/wH6fQpLzifL4=	\N	f	f	t	2025-09-26 10:15:05.599011+00	Тест	Пользователь_151	testuser_151	testuser_151@example.com	\N	\N	\N	\N	\N	\N	\N
152	pbkdf2_sha256$1000000$Dmd1NNZQTSvWxevfzAk2I3$gqPC9jxdSNqRvRFsnVuFb4gV8huGRnjo9H3E4MPhSrg=	\N	f	f	t	2025-09-26 10:15:06.486658+00	Тест	Пользователь_152	testuser_152	testuser_152@example.com	\N	\N	\N	\N	\N	\N	\N
153	pbkdf2_sha256$1000000$72UduMr8gLycXzGf7Fl6tA$6xTIja4nMMi+rwGqCoHActXS4wGLeisXzqaSP436+zw=	\N	f	f	t	2025-09-26 10:15:07.360967+00	Тест	Пользователь_153	testuser_153	testuser_153@example.com	\N	\N	\N	\N	\N	\N	\N
154	pbkdf2_sha256$1000000$rUMUGt1wOUrPjrT4yfVYqQ$y20pPrbKMi1qF7Y3Tz0b64TvOShVIO0KR3BTJO/n2rk=	\N	f	f	t	2025-09-26 10:15:08.267284+00	Тест	Пользователь_154	testuser_154	testuser_154@example.com	\N	\N	\N	\N	\N	\N	\N
155	pbkdf2_sha256$1000000$76XTL3O8Xbm8hLqdLDoAeS$dHLkT13a+oIW+oQhCEkXo0Ns38YHigd80tervlQ8e4Q=	\N	f	f	t	2025-09-26 10:15:09.219479+00	Тест	Пользователь_155	testuser_155	testuser_155@example.com	\N	\N	\N	\N	\N	\N	\N
156	pbkdf2_sha256$1000000$urIQNUDmL1UqIetV9OI3he$CiU3gDglPGqLH3g0llEDYcIDotFKwlnoPrp4TJwbdMU=	\N	f	f	t	2025-09-26 10:15:10.120461+00	Тест	Пользователь_156	testuser_156	testuser_156@example.com	\N	\N	\N	\N	\N	\N	\N
157	pbkdf2_sha256$1000000$AnNBz1oMjaclxrIYj8D0tH$dCGM7jJPUY1leWvikNTiw9UOd58mUi87/u0WI0MezEo=	\N	f	f	t	2025-09-26 10:15:10.974178+00	Тест	Пользователь_157	testuser_157	testuser_157@example.com	\N	\N	\N	\N	\N	\N	\N
158	pbkdf2_sha256$1000000$HU8ANdSOouFeKI3F1VbqhL$2qAebKmORGpLImQlOpqL9OrlAYMScT2mIlvFn1v357c=	\N	f	f	t	2025-09-26 10:15:11.813848+00	Тест	Пользователь_158	testuser_158	testuser_158@example.com	\N	\N	\N	\N	\N	\N	\N
159	pbkdf2_sha256$1000000$swO7BZy2AnDNJ4KKbgzly5$KUkoAiu2S9kC/VZ8sYJ71NTfix4pjbUGt6K7D1RJOdA=	\N	f	f	t	2025-09-26 10:15:12.662438+00	Тест	Пользователь_159	testuser_159	testuser_159@example.com	\N	\N	\N	\N	\N	\N	\N
160	pbkdf2_sha256$1000000$AtRqE4C8vRPy7gsy91gqxE$YB8+WhR/6BtX+0IUKJuDN2HVtnaPuA7/VsuFaahrWRU=	\N	f	f	t	2025-09-26 10:15:13.506204+00	Тест	Пользователь_160	testuser_160	testuser_160@example.com	\N	\N	\N	\N	\N	\N	\N
161	pbkdf2_sha256$1000000$AMQbNTvn5lnd8E9ko5fV5m$5qCgWdZs0BaX5oAbXjqaceQVFNTde++0/ff/1Shg8UY=	\N	f	f	t	2025-09-26 10:15:14.384495+00	Тест	Пользователь_161	testuser_161	testuser_161@example.com	\N	\N	\N	\N	\N	\N	\N
162	pbkdf2_sha256$1000000$EGFu7BYlSuKsN3DbL8oVOR$foxZDFbSWet+EQxpuD+KE4MZ9TGWWcj13IxfUPVvupc=	\N	f	f	t	2025-09-26 10:15:15.206138+00	Тест	Пользователь_162	testuser_162	testuser_162@example.com	\N	\N	\N	\N	\N	\N	\N
163	pbkdf2_sha256$1000000$uKGE0JDfIUGOi2Dn3KW2wo$fCQF3H9f1lR8RhDZzrVenvBBMKzVDmQVIh237w2QgIA=	\N	f	f	t	2025-09-26 10:15:16.038921+00	Тест	Пользователь_163	testuser_163	testuser_163@example.com	\N	\N	\N	\N	\N	\N	\N
164	pbkdf2_sha256$1000000$TrSwAXbeWTWdoWxCuPol2i$VibMBIlhEl3ChgwIoyBRgT1I1X37Q/DeD+62VYCGIzQ=	\N	f	f	t	2025-09-26 10:15:16.880928+00	Тест	Пользователь_164	testuser_164	testuser_164@example.com	\N	\N	\N	\N	\N	\N	\N
165	pbkdf2_sha256$1000000$smisd9PjFN9Xi4Ha99iz9E$YnutFhovrbP6JbDB5RhYD5u4CxvthGNnIkG9CxD7oB4=	\N	f	f	t	2025-09-26 10:15:17.745588+00	Тест	Пользователь_165	testuser_165	testuser_165@example.com	\N	\N	\N	\N	\N	\N	\N
166	pbkdf2_sha256$1000000$pGYQoJzblXnAa5s8uIcLzM$9zu5ZY8LKALHcXURnZ51Z4a1fIhB84oVtYvRQo9d9p8=	\N	f	f	t	2025-09-26 10:15:18.607029+00	Тест	Пользователь_166	testuser_166	testuser_166@example.com	\N	\N	\N	\N	\N	\N	\N
167	pbkdf2_sha256$1000000$EdaLg42wew83NJk6yhnGFq$FJ5RBWrp3DE7VNX4FVYY7ETwEbD4OTP2LOCaavbo0BY=	\N	f	f	t	2025-09-26 10:15:19.482982+00	Тест	Пользователь_167	testuser_167	testuser_167@example.com	\N	\N	\N	\N	\N	\N	\N
168	pbkdf2_sha256$1000000$rlklwpiLp0LDuXfRMfCEg7$IAOY10NxNQMjG2jxloA9fg4TavGVvg1BNDr16PzKvuw=	\N	f	f	t	2025-09-26 10:15:20.407212+00	Тест	Пользователь_168	testuser_168	testuser_168@example.com	\N	\N	\N	\N	\N	\N	\N
169	pbkdf2_sha256$1000000$odLqwaix43DZcemmSYNXYr$C7QAz1fo5nVNtVYVJVF/sk0mOjJAdBjEYk+gHE7B7kg=	\N	f	f	t	2025-09-26 10:15:21.303882+00	Тест	Пользователь_169	testuser_169	testuser_169@example.com	\N	\N	\N	\N	\N	\N	\N
170	pbkdf2_sha256$1000000$HeChPH5fQoB6be0M2WJKfP$CvrNeWEhQRHsGNap1Wf6RZWh/o6mJXGhNXJCwDE3XOo=	\N	f	f	t	2025-09-26 10:15:22.143348+00	Тест	Пользователь_170	testuser_170	testuser_170@example.com	\N	\N	\N	\N	\N	\N	\N
171	pbkdf2_sha256$1000000$LhU5TyRHGJA9QEi6lIRqTp$DOWJWP8tUMA8+S8EpMnjEq8rT+LEiyzf3Ez2Ir9GciM=	\N	f	f	t	2025-09-26 10:15:23.008477+00	Тест	Пользователь_171	testuser_171	testuser_171@example.com	\N	\N	\N	\N	\N	\N	\N
172	pbkdf2_sha256$1000000$LySYaiHOAvztjZ57aoppfY$e49ZEGVOjYSkMImwBxixygwSRkT6wFyTQoBMxM4lN2w=	\N	f	f	t	2025-09-26 10:15:23.893442+00	Тест	Пользователь_172	testuser_172	testuser_172@example.com	\N	\N	\N	\N	\N	\N	\N
173	pbkdf2_sha256$1000000$z8Lap7UxOvz9JveVS0eBWc$W1WgQ8CpQuWXb4LPS5kdqTCWEZEHEfSoGURIw70anFk=	\N	f	f	t	2025-09-26 10:15:24.74304+00	Тест	Пользователь_173	testuser_173	testuser_173@example.com	\N	\N	\N	\N	\N	\N	\N
174	pbkdf2_sha256$1000000$ZEtgbrWZt0mV8ql8BjlrmE$xyZ89/i83IFOLmpBWY5hkn/yM2Td2y4UkgB5RJHmX+4=	\N	f	f	t	2025-09-26 10:15:25.603067+00	Тест	Пользователь_174	testuser_174	testuser_174@example.com	\N	\N	\N	\N	\N	\N	\N
175	pbkdf2_sha256$1000000$0sp6pJCk4dNzy0fzEwd8rn$X7aZSPbfkfIZ5zHEjyBEZA9gUrdzoWyGhIp+j+AbPL8=	\N	f	f	t	2025-09-26 10:15:26.436102+00	Тест	Пользователь_175	testuser_175	testuser_175@example.com	\N	\N	\N	\N	\N	\N	\N
176	pbkdf2_sha256$1000000$NsHQ3BS2kAmep7TNbGYAsW$pQ5J8WCwyUagkgm0f6/IKgoW8ynmHSXDXpN8I8lSrrM=	\N	f	f	t	2025-09-26 10:15:27.293295+00	Тест	Пользователь_176	testuser_176	testuser_176@example.com	\N	\N	\N	\N	\N	\N	\N
177	pbkdf2_sha256$1000000$CYehD923e0a4If0GBfWD16$KHT83yDzY4w8zrmnHHs8fGdBf5Q87bDPFmGfM6Ak1q0=	\N	f	f	t	2025-09-26 10:15:28.127623+00	Тест	Пользователь_177	testuser_177	testuser_177@example.com	\N	\N	\N	\N	\N	\N	\N
178	pbkdf2_sha256$1000000$2m8eFL5q7TjGRAgM9d4snB$Hs+odzob/WGS9o3BkvWAS04yhLGuPhDULny2j1+zWYE=	\N	f	f	t	2025-09-26 10:15:28.958873+00	Тест	Пользователь_178	testuser_178	testuser_178@example.com	\N	\N	\N	\N	\N	\N	\N
179	pbkdf2_sha256$1000000$y6F6jEGrUcZkI6tMdOhHrU$7DtfLIwTR7wBl6rcxbn9BiL48qYA0RoL+XLeyA3dw48=	\N	f	f	t	2025-09-26 10:15:29.786831+00	Тест	Пользователь_179	testuser_179	testuser_179@example.com	\N	\N	\N	\N	\N	\N	\N
180	pbkdf2_sha256$1000000$ilFA63kLdBSttafepQ5ZCt$9J4+eYyvp32k8Cbsfdowp9WMFpHYBrDEWBTRt8bDO7o=	\N	f	f	t	2025-09-26 10:15:30.640785+00	Тест	Пользователь_180	testuser_180	testuser_180@example.com	\N	\N	\N	\N	\N	\N	\N
181	pbkdf2_sha256$1000000$3y1NYWQnMoAclCMoFJGlrY$LY1xR1GlIkxxT7Bs729FFTIRN682rpFOu5d8F39euJ0=	\N	f	f	t	2025-09-26 10:15:31.4614+00	Тест	Пользователь_181	testuser_181	testuser_181@example.com	\N	\N	\N	\N	\N	\N	\N
182	pbkdf2_sha256$1000000$CD9leJZ9R6kg2rvAwjrvOF$1XtTGIotJN0MWzNoe7kL9Ftl9RHcwjRVYWNLewYdv14=	\N	f	f	t	2025-09-26 10:15:32.286326+00	Тест	Пользователь_182	testuser_182	testuser_182@example.com	\N	\N	\N	\N	\N	\N	\N
183	pbkdf2_sha256$1000000$uSESScICKr78uFoM5xj7Ya$Zi6JySlU1qwvXcxR+rUUau0u17grAa7mar+UX1DZjGw=	\N	f	f	t	2025-09-26 10:15:33.138478+00	Тест	Пользователь_183	testuser_183	testuser_183@example.com	\N	\N	\N	\N	\N	\N	\N
184	pbkdf2_sha256$1000000$ftToKGKMQmzBtsP1epHvto$kiSpiGzDYG2tMW3FVf+7LpXJPGOg7XrDecncykScrTY=	\N	f	f	t	2025-09-26 10:15:33.97731+00	Тест	Пользователь_184	testuser_184	testuser_184@example.com	\N	\N	\N	\N	\N	\N	\N
185	pbkdf2_sha256$1000000$VcXOYwH1VsLa0iR8xoe4f2$BhQqyvjTaKaJ7A9QT0Y2hVrLd34IWdb5c4h+06ojQZA=	\N	f	f	t	2025-09-26 10:15:34.83474+00	Тест	Пользователь_185	testuser_185	testuser_185@example.com	\N	\N	\N	\N	\N	\N	\N
186	pbkdf2_sha256$1000000$Z3xlWdmSiiq2PEm1Qdwg5A$NiVZI8myDA4gGvjhQh0yLnykor38N/28VLAlA6MLbTQ=	\N	f	f	t	2025-09-26 10:15:35.839266+00	Тест	Пользователь_186	testuser_186	testuser_186@example.com	\N	\N	\N	\N	\N	\N	\N
187	pbkdf2_sha256$1000000$W1yM9B6TXBGOIBBSBTxliw$8o0QP0mn4+mlwmms09wDTflQoEoSdhkr2pIvc04xXn8=	\N	f	f	t	2025-09-26 10:15:36.713789+00	Тест	Пользователь_187	testuser_187	testuser_187@example.com	\N	\N	\N	\N	\N	\N	\N
188	pbkdf2_sha256$1000000$Z7riI5TcPdDwuwG2ipLgGc$fDe47bjWjdGEbm32BJX+FcBHSW2Z4xRhrwVn03TtPa0=	\N	f	f	t	2025-09-26 10:15:37.620835+00	Тест	Пользователь_188	testuser_188	testuser_188@example.com	\N	\N	\N	\N	\N	\N	\N
189	pbkdf2_sha256$1000000$q9LSqxPeewjpb1vBqvD1Cc$98l6fSeNPZQ6hKV+kFuNONd7MFRBnpVfTEMnRWXukVQ=	\N	f	f	t	2025-09-26 10:15:38.533816+00	Тест	Пользователь_189	testuser_189	testuser_189@example.com	\N	\N	\N	\N	\N	\N	\N
190	pbkdf2_sha256$1000000$Fh7aZeYMsKjU1aQLfMmBrR$DcZLRNpN0yeTY2TLpbO3UqdDFB7LOZi7Uz+TmwI9UcA=	\N	f	f	t	2025-09-26 10:15:39.515862+00	Тест	Пользователь_190	testuser_190	testuser_190@example.com	\N	\N	\N	\N	\N	\N	\N
191	pbkdf2_sha256$1000000$iBfyUoFOu9xuHgoeu6lg32$PwVGxJZqBIYUW20JF6nZvDytc6agV3yD9O4O9FWdeKw=	\N	f	f	t	2025-09-26 10:15:40.404072+00	Тест	Пользователь_191	testuser_191	testuser_191@example.com	\N	\N	\N	\N	\N	\N	\N
192	pbkdf2_sha256$1000000$rXdTJrvn0t4Psvn5oD5EQ6$A6xt8+lIP9hcj9q9ZcsgzXcmYmOHVLblA9ojiW0ZAg0=	\N	f	f	t	2025-09-26 10:15:41.313229+00	Тест	Пользователь_192	testuser_192	testuser_192@example.com	\N	\N	\N	\N	\N	\N	\N
193	pbkdf2_sha256$1000000$jvOO1O3xc3UOvkyvxynsjB$fajrLZ4v3HMwDvqC8YzUyOk558v8cAAfJXTey1PvrlI=	\N	f	f	t	2025-09-26 10:15:42.185883+00	Тест	Пользователь_193	testuser_193	testuser_193@example.com	\N	\N	\N	\N	\N	\N	\N
194	pbkdf2_sha256$1000000$j6ARcifxLQY31aMc43lCJX$4IyCEELXDzKX0Tz2nW/XB3TCHvdlt2MVmE9RWWvCehw=	\N	f	f	t	2025-09-26 10:15:43.087243+00	Тест	Пользователь_194	testuser_194	testuser_194@example.com	\N	\N	\N	\N	\N	\N	\N
195	pbkdf2_sha256$1000000$cmY8oUySaczwYqzEj7OOFL$B/UMmHx1s1ww4diiWF3RuVWetmTacYvSzsJ0zVE1kck=	\N	f	f	t	2025-09-26 10:15:43.954071+00	Тест	Пользователь_195	testuser_195	testuser_195@example.com	\N	\N	\N	\N	\N	\N	\N
196	pbkdf2_sha256$1000000$2d7doIMy29hnPmJy0hC8do$SAvdw3Qfg6LdOCEUWbR2rbuArFSkZVLTDe1yw3jNhA8=	\N	f	f	t	2025-09-26 10:15:44.861472+00	Тест	Пользователь_196	testuser_196	testuser_196@example.com	\N	\N	\N	\N	\N	\N	\N
197	pbkdf2_sha256$1000000$ErhGyd85yihzstQp6f1EFb$E6D5ompMioBfAB2htIGmV2li7zZSVgfTGCtDU8bSveg=	\N	f	f	t	2025-09-26 10:15:45.815462+00	Тест	Пользователь_197	testuser_197	testuser_197@example.com	\N	\N	\N	\N	\N	\N	\N
198	pbkdf2_sha256$1000000$1JCwpgFeFC8Ft10WqFReZb$qsVTL3akIms2ccdpEEN3Dv2t7DMN46XMs/HllhwrW1g=	\N	f	f	t	2025-09-26 10:15:46.716154+00	Тест	Пользователь_198	testuser_198	testuser_198@example.com	\N	\N	\N	\N	\N	\N	\N
199	pbkdf2_sha256$1000000$d9GeJkjihprxmG0zVUEhnh$hQNrJWOOrXo1GbHw9dRrjALOT65LeDzoerGU2yiSPF4=	\N	f	f	t	2025-09-26 10:15:47.599201+00	Тест	Пользователь_199	testuser_199	testuser_199@example.com	\N	\N	\N	\N	\N	\N	\N
200	pbkdf2_sha256$1000000$EKv47V4hyY9FqEjDMqRxJZ$19egCSztSKz2Di4MWRDgFqj8C8/kdAPwMHxOtNZnwTw=	\N	f	f	t	2025-09-26 10:15:48.518593+00	Тест	Пользователь_200	testuser_200	testuser_200@example.com	\N	\N	\N	\N	\N	\N	\N
201	pbkdf2_sha256$1000000$B1hgaDWdbKchsmOfoCsjAI$myuJLFBvhvwX1GUgFJg0qlL2zf+ZlFzLML1wzV4Mavo=	\N	f	f	t	2025-09-26 10:15:49.507996+00	Тест	Пользователь_201	testuser_201	testuser_201@example.com	\N	\N	\N	\N	\N	\N	\N
202	pbkdf2_sha256$1000000$7ZdQdUj47096oYqIUYGGM0$GmJl5DFHS9m7TKXFMvOt2bATruamOZsAhLGJZSj9fYw=	\N	f	f	t	2025-09-26 10:15:50.394511+00	Тест	Пользователь_202	testuser_202	testuser_202@example.com	\N	\N	\N	\N	\N	\N	\N
203	pbkdf2_sha256$1000000$USAn2OkXWIHHJUXcrIHftE$s/hHli3UJy62JFOdnXvyU5sOLI6uZBpN6ROaufpZwBQ=	\N	f	f	t	2025-09-26 10:15:51.266188+00	Тест	Пользователь_203	testuser_203	testuser_203@example.com	\N	\N	\N	\N	\N	\N	\N
204	pbkdf2_sha256$1000000$Lq9JYPQkJPQFXKbEAM52Vj$jcU7UkmD7xCg6r0vbnW9A0wIxA/63lsaoYuS7f6lV1Q=	\N	f	f	t	2025-09-26 10:15:52.082658+00	Тест	Пользователь_204	testuser_204	testuser_204@example.com	\N	\N	\N	\N	\N	\N	\N
205	pbkdf2_sha256$1000000$FuLObeTvbruprj8krJfw9g$IFYowm/ncU/Z/YzNzQ4Evp0x6Pq0MTufEGwApL9zZH4=	\N	f	f	t	2025-09-26 10:15:52.904803+00	Тест	Пользователь_205	testuser_205	testuser_205@example.com	\N	\N	\N	\N	\N	\N	\N
206	pbkdf2_sha256$1000000$jPzHEqZSFp5zNN9PJWYmVM$iRfaP+0nGxsNWbOTWg00Mws4qerjDgD1UWkyiqwIwso=	\N	f	f	t	2025-09-26 10:15:53.705603+00	Тест	Пользователь_206	testuser_206	testuser_206@example.com	\N	\N	\N	\N	\N	\N	\N
207	pbkdf2_sha256$1000000$WUpEa4b4CP4nsQKjt61XMV$GT6q95au7/LN0UP/bUAFD934sePGSunscKUaQwcZ7mc=	\N	f	f	t	2025-09-26 10:15:54.654954+00	Тест	Пользователь_207	testuser_207	testuser_207@example.com	\N	\N	\N	\N	\N	\N	\N
208	pbkdf2_sha256$1000000$GwJdcEZozhCTCt4SZzRqM4$6Tr5t5rH9j8eaTE2No+RO40zqNaVDtHDcskDM3lrKlg=	\N	f	f	t	2025-09-26 10:15:55.599364+00	Тест	Пользователь_208	testuser_208	testuser_208@example.com	\N	\N	\N	\N	\N	\N	\N
209	pbkdf2_sha256$1000000$yKC9SSljLUQux2ryXOTijJ$vTaH5zqUskUwv8xWI1Eb5nYU1RgoOnnMaCxE/gKxCTE=	\N	f	f	t	2025-09-26 10:15:56.447206+00	Тест	Пользователь_209	testuser_209	testuser_209@example.com	\N	\N	\N	\N	\N	\N	\N
210	pbkdf2_sha256$1000000$WChPxfbdVAVyEoVJM4GWBy$uhz0ec8PRKFx+c+FCNIzVC4xB4xMJKKLT5t1KHL/XGc=	\N	f	f	t	2025-09-26 10:15:57.302105+00	Тест	Пользователь_210	testuser_210	testuser_210@example.com	\N	\N	\N	\N	\N	\N	\N
211	pbkdf2_sha256$1000000$2aalk5FwBEcLPZFrIOZKLb$7KzhiMx9U2hIr6P97N/C25ErTeRKy481AOwMoeQexJ0=	\N	f	f	t	2025-09-26 10:15:58.184702+00	Тест	Пользователь_211	testuser_211	testuser_211@example.com	\N	\N	\N	\N	\N	\N	\N
212	pbkdf2_sha256$1000000$ynv7xBuvX8D5PURcrRu0Vq$UUgd8O9ht4uaTcghUrzYs+dxUTXtuBOn7UpTaQSxzsY=	\N	f	f	t	2025-09-26 10:15:59.063954+00	Тест	Пользователь_212	testuser_212	testuser_212@example.com	\N	\N	\N	\N	\N	\N	\N
213	pbkdf2_sha256$1000000$CNZiK44gHQHz816hNjNf0A$rDqc9YOylrSrCBKtfSMV3BYfXmPzWfodh4WDaelWvDI=	\N	f	f	t	2025-09-26 10:15:59.964796+00	Тест	Пользователь_213	testuser_213	testuser_213@example.com	\N	\N	\N	\N	\N	\N	\N
214	pbkdf2_sha256$1000000$OP868j1hsrU5BghhqCAGm6$nZSmH9DcKpxFxxpR5Ov8GERKXqurWSQIAwWtIycjJ3s=	\N	f	f	t	2025-09-26 10:16:00.842841+00	Тест	Пользователь_214	testuser_214	testuser_214@example.com	\N	\N	\N	\N	\N	\N	\N
215	pbkdf2_sha256$1000000$Z3o92b3gFuWZlticZWm10v$Hy19c0ANWF50wG2rkGujnMa6ykXFyCUUVlioof+DkIo=	\N	f	f	t	2025-09-26 10:16:01.874828+00	Тест	Пользователь_215	testuser_215	testuser_215@example.com	\N	\N	\N	\N	\N	\N	\N
216	pbkdf2_sha256$1000000$Vv5vyU4GInECVQhpj2eFuN$AhgEm5/aHcYQU5+2uLVgNqlpIkNc9L0kPLulpd4876g=	\N	f	f	t	2025-09-26 10:16:02.75908+00	Тест	Пользователь_216	testuser_216	testuser_216@example.com	\N	\N	\N	\N	\N	\N	\N
217	pbkdf2_sha256$1000000$N1a6vwlqQKmQ68TAi7khjo$PtKzRrQ2Lr2VBGbdNuHk8nvXpdZCVpfd5JGF6PRsJpo=	\N	f	f	t	2025-09-26 10:16:03.653418+00	Тест	Пользователь_217	testuser_217	testuser_217@example.com	\N	\N	\N	\N	\N	\N	\N
218	pbkdf2_sha256$1000000$yJkn0sP8rqCSZYLxs3ePTu$shlU9ETeZdiBgValc+qxTVH/c533rY2OFmKzxro7NIE=	\N	f	f	t	2025-09-26 10:16:04.519236+00	Тест	Пользователь_218	testuser_218	testuser_218@example.com	\N	\N	\N	\N	\N	\N	\N
219	pbkdf2_sha256$1000000$6CZPxJAPvyRraxJwRtFbOq$w0aCHyxI0pXwYYTfSNY5eIB9GZWkcVXz6ySRoVtpNhQ=	\N	f	f	t	2025-09-26 10:16:05.413094+00	Тест	Пользователь_219	testuser_219	testuser_219@example.com	\N	\N	\N	\N	\N	\N	\N
220	pbkdf2_sha256$1000000$ziHP6Cvli5tJ1NbmmzvJTS$aJs4hi96ur4nJQTW0e71fMgM51H8hGF/aou1eNTPF1k=	\N	f	f	t	2025-09-26 10:16:06.318859+00	Тест	Пользователь_220	testuser_220	testuser_220@example.com	\N	\N	\N	\N	\N	\N	\N
221	pbkdf2_sha256$1000000$VrjvJI78566L5fR6Febk86$XZL7M+pTaBT+oJwy6te0/FBFYOf54fmLVxDm6mZonHY=	\N	f	f	t	2025-09-26 10:16:07.20416+00	Тест	Пользователь_221	testuser_221	testuser_221@example.com	\N	\N	\N	\N	\N	\N	\N
222	pbkdf2_sha256$1000000$qgLKXaVilM1ZGZVX8sAieb$PjCqoY1WkCpbF/TXRdWACPwHHmL6TeX2NeF+LlDRevA=	\N	f	f	t	2025-09-26 10:16:08.09663+00	Тест	Пользователь_222	testuser_222	testuser_222@example.com	\N	\N	\N	\N	\N	\N	\N
223	pbkdf2_sha256$1000000$clIDQDVeLdFj60z3njvvUI$2EksNME5l+AuduL5q1TIBmqfzNqtsaUqF3hO+9FU4qQ=	\N	f	f	t	2025-09-26 10:16:09.068876+00	Тест	Пользователь_223	testuser_223	testuser_223@example.com	\N	\N	\N	\N	\N	\N	\N
224	pbkdf2_sha256$1000000$72LbayaZOkeEZtRpqw5pO7$nCksta3G5Yhq5MROJFmBIBbLtVw1zaqAe8HzkAfwi7k=	\N	f	f	t	2025-09-26 10:16:09.958835+00	Тест	Пользователь_224	testuser_224	testuser_224@example.com	\N	\N	\N	\N	\N	\N	\N
225	pbkdf2_sha256$1000000$qFTc8TB3BxUSmeYUBD3b4H$b3GWt00qv3LDhaDfekCI8pEVAPkymqlM/6OeJyukaOQ=	\N	f	f	t	2025-09-26 10:16:10.949214+00	Тест	Пользователь_225	testuser_225	testuser_225@example.com	\N	\N	\N	\N	\N	\N	\N
226	pbkdf2_sha256$1000000$5BRLJ6dOB5FsUgTaXf7LQ0$w/4goBRZqQ1ooyTha6ixxy3RYvo/ZCzRA3SYaA6s1cQ=	\N	f	f	t	2025-09-26 10:16:11.804219+00	Тест	Пользователь_226	testuser_226	testuser_226@example.com	\N	\N	\N	\N	\N	\N	\N
227	pbkdf2_sha256$1000000$Zvw5CNyvR6vDeMaGXHluW4$nZEKy4/o7rKif82tvCdjsd+NSDRj2ztpZUg7XT3yDXo=	\N	f	f	t	2025-09-26 10:16:12.661832+00	Тест	Пользователь_227	testuser_227	testuser_227@example.com	\N	\N	\N	\N	\N	\N	\N
228	pbkdf2_sha256$1000000$FPAGHaSz2P1XOP53a4ZtdY$04lSWoT6QfxnXFGq2GVZvWlWhnddWQ3q2vPbISAxPcU=	\N	f	f	t	2025-09-26 10:16:13.510876+00	Тест	Пользователь_228	testuser_228	testuser_228@example.com	\N	\N	\N	\N	\N	\N	\N
229	pbkdf2_sha256$1000000$ub4HgNsKt2DclMspGzugIK$zZP/kmwtWhYtMFZPUtIYu4geiRggSVuCuZaALjbDmis=	\N	f	f	t	2025-09-26 10:16:14.39575+00	Тест	Пользователь_229	testuser_229	testuser_229@example.com	\N	\N	\N	\N	\N	\N	\N
230	pbkdf2_sha256$1000000$Sp0UMkOTdVU1dZXu958Csg$nh6ixbKq3FEF9EsE5198B+1suvk71+tiKytIGwz3oyk=	\N	f	f	t	2025-09-26 10:16:15.268344+00	Тест	Пользователь_230	testuser_230	testuser_230@example.com	\N	\N	\N	\N	\N	\N	\N
231	pbkdf2_sha256$1000000$9fqcC6i2s2uJSNb4frxtRR$KEKi2WdSrQnL8FnZgjDuwis3Ur0RiJFoo8s2OObEF6w=	\N	f	f	t	2025-09-26 10:16:16.120082+00	Тест	Пользователь_231	testuser_231	testuser_231@example.com	\N	\N	\N	\N	\N	\N	\N
232	pbkdf2_sha256$1000000$pJ4Gyiz0KKaE60Qw3zfJVT$v83sjEfpiHUJtqiU5abCKocdwNjNFHaZ4xXjtwQ3xds=	\N	f	f	t	2025-09-26 10:16:16.979616+00	Тест	Пользователь_232	testuser_232	testuser_232@example.com	\N	\N	\N	\N	\N	\N	\N
233	pbkdf2_sha256$1000000$7gaoQZ8sMaBetnHHoBHtFc$i1eAIzwtNRrruXyhyRJWLtmq0SJdyBXb72v1ZrHMupU=	\N	f	f	t	2025-09-26 10:16:17.874509+00	Тест	Пользователь_233	testuser_233	testuser_233@example.com	\N	\N	\N	\N	\N	\N	\N
234	pbkdf2_sha256$1000000$liT3hNoJ5RUw9GaXqEws6a$95gslCTeuqogD7bq27Cb7n3mEsV67dP/1283ORfPoWc=	\N	f	f	t	2025-09-26 10:16:18.731431+00	Тест	Пользователь_234	testuser_234	testuser_234@example.com	\N	\N	\N	\N	\N	\N	\N
235	pbkdf2_sha256$1000000$mpitlVXi5I2DjPhZ68Rloj$cxHAYZEhp0TVHkMBfc71B6Ry0Iv0TCFmg2nkQQ3w7VI=	\N	f	f	t	2025-09-26 10:16:19.618609+00	Тест	Пользователь_235	testuser_235	testuser_235@example.com	\N	\N	\N	\N	\N	\N	\N
236	pbkdf2_sha256$1000000$NfiqNNzGtfw3ZvGXx2XOdU$Q4ud2gXXjI0W2zt9z10IbwqiHJFD67pCiggVJsJK5eY=	\N	f	f	t	2025-09-26 10:16:20.507093+00	Тест	Пользователь_236	testuser_236	testuser_236@example.com	\N	\N	\N	\N	\N	\N	\N
237	pbkdf2_sha256$1000000$qSEueizoDC4qtmHMeNFMWv$5/vhC96UfDuYJqWXk9GnsOOIg8YQj6lUsXqkRQUhxG4=	\N	f	f	t	2025-09-26 10:16:21.437167+00	Тест	Пользователь_237	testuser_237	testuser_237@example.com	\N	\N	\N	\N	\N	\N	\N
238	pbkdf2_sha256$1000000$C0cZnVVbtDgIrvuGG6YTI9$SSFCAiddDiSEXN6aXNaKgldCfjhBecb6gQzRUZlMFuI=	\N	f	f	t	2025-09-26 10:16:22.287435+00	Тест	Пользователь_238	testuser_238	testuser_238@example.com	\N	\N	\N	\N	\N	\N	\N
239	pbkdf2_sha256$1000000$YAWYj4YNGseTDTL6AmRmlS$P4eJD78CZqFLa8KvFvrd8VLbudD1Huf0TT7iKHA6ERc=	\N	f	f	t	2025-09-26 10:16:23.140181+00	Тест	Пользователь_239	testuser_239	testuser_239@example.com	\N	\N	\N	\N	\N	\N	\N
240	pbkdf2_sha256$1000000$DKgTGAzOpFUTMErKWsCAPO$nykcezYT3ZdCIn+V9fjAGazz+q2w9ccERE72AYHXsqw=	\N	f	f	t	2025-09-26 10:16:24.011511+00	Тест	Пользователь_240	testuser_240	testuser_240@example.com	\N	\N	\N	\N	\N	\N	\N
241	pbkdf2_sha256$1000000$4TeTrcWws4Vpb0tOG2MS5G$cpj7wOj+zI6D03K5fqD2UvIPIbCMlNAELZMByuQIgv4=	\N	f	f	t	2025-09-26 10:16:24.860709+00	Тест	Пользователь_241	testuser_241	testuser_241@example.com	\N	\N	\N	\N	\N	\N	\N
242	pbkdf2_sha256$1000000$s1sCifsxrWZGtFzdP0RXry$XlkAtCuJ6bTtS0rAFEC4yU90YRWJwofI0xGyTdJIRfA=	\N	f	f	t	2025-09-26 10:16:25.696287+00	Тест	Пользователь_242	testuser_242	testuser_242@example.com	\N	\N	\N	\N	\N	\N	\N
243	pbkdf2_sha256$1000000$bppSSGNUgrPL6Pfp23ABlT$8MNDQdKT7vSDcBJMIzBMuqQFXjEiUudWO8+kh4JfgCM=	\N	f	f	t	2025-09-26 10:16:26.564141+00	Тест	Пользователь_243	testuser_243	testuser_243@example.com	\N	\N	\N	\N	\N	\N	\N
244	pbkdf2_sha256$1000000$GIKITgtOKTApV6F1lf8Z8h$geX2Zb5s4YsMtHdRifBTZ6HsM6DpLEGAFS9Abr2Hp/s=	\N	f	f	t	2025-09-26 10:16:27.385158+00	Тест	Пользователь_244	testuser_244	testuser_244@example.com	\N	\N	\N	\N	\N	\N	\N
245	pbkdf2_sha256$1000000$H86Nt96QOzuaejx73TZhCK$1WH7TIYWpxVwMa1MszBE55WGZp7Ixtxwru2Iy+oTmTU=	\N	f	f	t	2025-09-26 10:16:28.252734+00	Тест	Пользователь_245	testuser_245	testuser_245@example.com	\N	\N	\N	\N	\N	\N	\N
246	pbkdf2_sha256$1000000$x358BUBkbAhWBZD2MdZYY0$UWc6twk6dmLYcs8n53QleGetZa481YlbUElW8H7CKBE=	\N	f	f	t	2025-09-26 10:16:29.170777+00	Тест	Пользователь_246	testuser_246	testuser_246@example.com	\N	\N	\N	\N	\N	\N	\N
247	pbkdf2_sha256$1000000$kkQvPoOD6MVUvARAOt8RIi$lPFP7jBsP3o5rPjXgoKEqI+E4dpjm/0XZmy/PRo/x2I=	\N	f	f	t	2025-09-26 10:16:30.04335+00	Тест	Пользователь_247	testuser_247	testuser_247@example.com	\N	\N	\N	\N	\N	\N	\N
248	pbkdf2_sha256$1000000$fMRcWuGnZBoBwpTwu213b4$dP/witcseU8GPShnwIP+FiOL4bcRDtdLh3ra4GaddRw=	\N	f	f	t	2025-09-26 10:16:30.924364+00	Тест	Пользователь_248	testuser_248	testuser_248@example.com	\N	\N	\N	\N	\N	\N	\N
249	pbkdf2_sha256$1000000$IfDb3vn5K3n17aG219LgSt$I1gc6nLXYW+UEkJD1//kR5nDCrpmtVpvFv+SKCfQ+tI=	\N	f	f	t	2025-09-26 10:16:31.755373+00	Тест	Пользователь_249	testuser_249	testuser_249@example.com	\N	\N	\N	\N	\N	\N	\N
250	pbkdf2_sha256$1000000$vrkgFdnfx8b4mPsTSyFu9D$IVnx6BpNDbA8Ou638jfU42wM26sy4OLJ9Fc5r/+JVU4=	\N	f	f	t	2025-09-26 10:16:32.610776+00	Тест	Пользователь_250	testuser_250	testuser_250@example.com	\N	\N	\N	\N	\N	\N	\N
251	pbkdf2_sha256$1000000$FMwHXhB3zT28WlkoQIxRml$qyqCJujdq7mjUNg9PqncJDUj9fcPLMAP4+rNVsHFJis=	\N	f	f	t	2025-09-26 10:16:33.449451+00	Тест	Пользователь_251	testuser_251	testuser_251@example.com	\N	\N	\N	\N	\N	\N	\N
252	pbkdf2_sha256$1000000$814CbHfQfM86ZQp0N8nYwA$Umx+9DiDwWLE/Jx49jM6agjLm0vgJXUFHnkv5KuDW3c=	\N	f	f	t	2025-09-26 10:16:34.297149+00	Тест	Пользователь_252	testuser_252	testuser_252@example.com	\N	\N	\N	\N	\N	\N	\N
253	pbkdf2_sha256$1000000$SN1NUc6ka7VvVqRiQ5Unf8$q03JgIkcFRKXIjR7+rDL2WO2OvDx7mCYMXwXa9HcT/s=	\N	f	f	t	2025-09-26 10:16:35.129564+00	Тест	Пользователь_253	testuser_253	testuser_253@example.com	\N	\N	\N	\N	\N	\N	\N
254	pbkdf2_sha256$1000000$iicEHYUlRiwgON9aBSM9RO$7/DrzqRAmjAjLGIIR3CMBnZOwNW85m3mMeOjpTHnd9Y=	\N	f	f	t	2025-09-26 10:16:35.975775+00	Тест	Пользователь_254	testuser_254	testuser_254@example.com	\N	\N	\N	\N	\N	\N	\N
255	pbkdf2_sha256$1000000$I0j95591yO6bZAk6w6IoN9$CTtngf0JC3l81t6V9d1ZWUdybvIiVTrFnISB+y/6j4U=	\N	f	f	t	2025-09-26 10:16:36.842706+00	Тест	Пользователь_255	testuser_255	testuser_255@example.com	\N	\N	\N	\N	\N	\N	\N
256	pbkdf2_sha256$1000000$MtggHzbAsQX6tg1EIRtUfx$CXa7z88iwryp3/XZToUw4Xn2qlZBn85TiEVOPR1XRWw=	\N	f	f	t	2025-09-26 10:16:37.734621+00	Тест	Пользователь_256	testuser_256	testuser_256@example.com	\N	\N	\N	\N	\N	\N	\N
257	pbkdf2_sha256$1000000$uMAtHVZufI3oWHjuuuysHn$ISWd8apFVaUdNLS4UTDYZU3Zg/6+At3ytcqsLiMVNds=	\N	f	f	t	2025-09-26 10:16:38.583396+00	Тест	Пользователь_257	testuser_257	testuser_257@example.com	\N	\N	\N	\N	\N	\N	\N
258	pbkdf2_sha256$1000000$JvrDZQiiCLqinnZPfQVSws$PY4NKHPp2tDJO8FMk/AnRzXxdmHIz/cTs7V0uZmQ2tI=	\N	f	f	t	2025-09-26 10:16:39.528505+00	Тест	Пользователь_258	testuser_258	testuser_258@example.com	\N	\N	\N	\N	\N	\N	\N
259	pbkdf2_sha256$1000000$Ikmz4MUOkZbj1bs1ozcIZO$prnbIaothFscIUBuIed0k3oKPjexaivD4KiEX5RdcY0=	\N	f	f	t	2025-09-26 10:16:40.417572+00	Тест	Пользователь_259	testuser_259	testuser_259@example.com	\N	\N	\N	\N	\N	\N	\N
260	pbkdf2_sha256$1000000$quZDWqpaaxNMScUaBIqag5$i743urCK0ot4hfdvlecIEqyTP1RUiZ3+efbia0szvts=	\N	f	f	t	2025-09-26 10:16:41.292192+00	Тест	Пользователь_260	testuser_260	testuser_260@example.com	\N	\N	\N	\N	\N	\N	\N
261	pbkdf2_sha256$1000000$VE7iliCT898NTM44ksvPHD$XL8IkUmRTBaG+ZzbudkqXhN9AmCOeSWozJdWBqEzE6M=	\N	f	f	t	2025-09-26 10:16:42.168564+00	Тест	Пользователь_261	testuser_261	testuser_261@example.com	\N	\N	\N	\N	\N	\N	\N
262	pbkdf2_sha256$1000000$uRfySMbP4QL4oL4NA5cyY4$ocmu62YwwpuIDU+LqJ9fvwgv28O6vAd8FtrCXnfKT6w=	\N	f	f	t	2025-09-26 10:16:43.015153+00	Тест	Пользователь_262	testuser_262	testuser_262@example.com	\N	\N	\N	\N	\N	\N	\N
263	pbkdf2_sha256$1000000$kfuiCQkaO29OP8CuDbo6xn$T64XvLc45RSZAkq+xO6BaPcfa0jreD6ZuZUxXrTCw6E=	\N	f	f	t	2025-09-26 10:16:43.877358+00	Тест	Пользователь_263	testuser_263	testuser_263@example.com	\N	\N	\N	\N	\N	\N	\N
264	pbkdf2_sha256$1000000$Ckn7edMMrMjhFpE5D697Gh$BxtTltyOEl7/1aEOed8tQ3NI3adPqNe2dB0RYrPG9Xg=	\N	f	f	t	2025-09-26 10:16:44.839044+00	Тест	Пользователь_264	testuser_264	testuser_264@example.com	\N	\N	\N	\N	\N	\N	\N
265	pbkdf2_sha256$1000000$5SfUOTHOuSsQxOkRtnXkFn$yFqoqIQ8WBrP+ZNdNKWsThxQaEOxL9QV3SmhPinSJhU=	\N	f	f	t	2025-09-26 10:16:45.726239+00	Тест	Пользователь_265	testuser_265	testuser_265@example.com	\N	\N	\N	\N	\N	\N	\N
266	pbkdf2_sha256$1000000$wsHzb5SCbYS8Ztq1pLQcTI$uEpdzjXieQMbSPnSdMQ6jySjvthtWcyfHyTGVE4zbmo=	\N	f	f	t	2025-09-26 10:16:46.623821+00	Тест	Пользователь_266	testuser_266	testuser_266@example.com	\N	\N	\N	\N	\N	\N	\N
267	pbkdf2_sha256$1000000$k3JuGW5w6PhVkQrWKdB0aC$ryx6Oq7Q5O2JW1/MyESuUo/dchby6ncQK5EcYwLgHQs=	\N	f	f	t	2025-09-26 10:16:47.546572+00	Тест	Пользователь_267	testuser_267	testuser_267@example.com	\N	\N	\N	\N	\N	\N	\N
268	pbkdf2_sha256$1000000$WU4rZw06TQA9Ko2oZ5WoU2$+oXoPkziS62cD7PotSEOmZBwDg/MzKAoCFRjzyFdS1U=	\N	f	f	t	2025-09-26 10:16:48.568829+00	Тест	Пользователь_268	testuser_268	testuser_268@example.com	\N	\N	\N	\N	\N	\N	\N
269	pbkdf2_sha256$1000000$Sh0XRlwouzNvp4KeF3GvgN$IGZ9n5frqTdkvp2waVgMhJqa56jUQ/CYDe+BAgecFkQ=	\N	f	f	t	2025-09-26 10:16:49.466704+00	Тест	Пользователь_269	testuser_269	testuser_269@example.com	\N	\N	\N	\N	\N	\N	\N
270	pbkdf2_sha256$1000000$2yAYtULGWpqO6PgDUf9t0e$qIXVWNBLmzuCgHkblgri4bn/WLZDhYAy5Y4ir41qc+c=	\N	f	f	t	2025-09-26 10:16:50.389199+00	Тест	Пользователь_270	testuser_270	testuser_270@example.com	\N	\N	\N	\N	\N	\N	\N
271	pbkdf2_sha256$1000000$OoLYsPzgAqk5iAPhQSEVOP$mibGSkDaFGzaPNVwfLzSoYTFC/Cl6z9xqr4TBQfhj/k=	\N	f	f	t	2025-09-26 10:16:51.28177+00	Тест	Пользователь_271	testuser_271	testuser_271@example.com	\N	\N	\N	\N	\N	\N	\N
272	pbkdf2_sha256$1000000$bMxaXvW888uVM7TQVS2tO5$yp9ZSsm4lUwtkdqIvuZ1sL2agojPv+jV6lOHK6ciZco=	\N	f	f	t	2025-09-26 10:16:52.14185+00	Тест	Пользователь_272	testuser_272	testuser_272@example.com	\N	\N	\N	\N	\N	\N	\N
273	pbkdf2_sha256$1000000$xw8IfWKKFVCmMmL1jMGJN1$KUHJsggb4QgqkfoBgfe2zAxrUVDSIvHEvWZeqD3ZEjE=	\N	f	f	t	2025-09-26 10:16:53.081201+00	Тест	Пользователь_273	testuser_273	testuser_273@example.com	\N	\N	\N	\N	\N	\N	\N
274	pbkdf2_sha256$1000000$LIr4QgsoJspANh3H82Cjue$mwv1Pj44w0qi8kMs2gCLerqlJteVR7gDF1qYuw13Jbc=	\N	f	f	t	2025-09-26 10:16:53.978764+00	Тест	Пользователь_274	testuser_274	testuser_274@example.com	\N	\N	\N	\N	\N	\N	\N
275	pbkdf2_sha256$1000000$uBpNuqCeWWTxgxfmUVGaHq$HZiEIQG2B5yuvjeCmGE/s7veGo0uUmqpGp8xOL7szp4=	\N	f	f	t	2025-09-26 10:16:54.828306+00	Тест	Пользователь_275	testuser_275	testuser_275@example.com	\N	\N	\N	\N	\N	\N	\N
276	pbkdf2_sha256$1000000$vhyRzqlGWTzV3QLtWiTo3T$DokPGeuDXh9/9H4U6uDM6HSlI5NW+hMCNJLQODzumlM=	\N	f	f	t	2025-09-26 10:16:55.718711+00	Тест	Пользователь_276	testuser_276	testuser_276@example.com	\N	\N	\N	\N	\N	\N	\N
277	pbkdf2_sha256$1000000$BEOcTYnZ2erJ7BTT717849$EO77laXcaw1NBuklXSuhfQQbeNt8BQzOi3L7nvRoczw=	\N	f	f	t	2025-09-26 10:16:56.592393+00	Тест	Пользователь_277	testuser_277	testuser_277@example.com	\N	\N	\N	\N	\N	\N	\N
278	pbkdf2_sha256$1000000$q7K36HkQJBX7XHdJTLc7hO$ScC0UvR7ILo0Rdexz6kw0tSeI8dk74SPbJcnVWz2Zxc=	\N	f	f	t	2025-09-26 10:16:57.461565+00	Тест	Пользователь_278	testuser_278	testuser_278@example.com	\N	\N	\N	\N	\N	\N	\N
279	pbkdf2_sha256$1000000$MoDg9mfXRcwg4NuN54axZk$+0Ds5q7FYSMAKK9X0m3a/iomSOf8ZfFfOJ27gYVKdx4=	\N	f	f	t	2025-09-26 10:16:58.30739+00	Тест	Пользователь_279	testuser_279	testuser_279@example.com	\N	\N	\N	\N	\N	\N	\N
280	pbkdf2_sha256$1000000$KTM092JCl0mmAYeaUY99Ej$jbWfHKlVEkFFO2FFFkXh51TUIiSjjn2myA/yFNezUE4=	\N	f	f	t	2025-09-26 10:16:59.143549+00	Тест	Пользователь_280	testuser_280	testuser_280@example.com	\N	\N	\N	\N	\N	\N	\N
281	pbkdf2_sha256$1000000$2elkROUgMuzMOorm3KnSMv$XyPeXM9ko23w0uTNZFUvKpGFYaIZ6ahNeXTrpw/jYiE=	\N	f	f	t	2025-09-26 10:17:00.010533+00	Тест	Пользователь_281	testuser_281	testuser_281@example.com	\N	\N	\N	\N	\N	\N	\N
282	pbkdf2_sha256$1000000$oQNybgw2eAzAvWkKEjpZBN$8G9k2FEZqV5HOXTjFeqRWBwlFzZOewqv/cGtwwrIn+o=	\N	f	f	t	2025-09-26 10:17:00.858629+00	Тест	Пользователь_282	testuser_282	testuser_282@example.com	\N	\N	\N	\N	\N	\N	\N
283	pbkdf2_sha256$1000000$Wmz9QODPE86EtPlwfAmKFQ$OqxahB8lUDZujqiALYZ2zPkankzo0uvFXCeuWwklLoY=	\N	f	f	t	2025-09-26 10:17:01.792221+00	Тест	Пользователь_283	testuser_283	testuser_283@example.com	\N	\N	\N	\N	\N	\N	\N
284	pbkdf2_sha256$1000000$ekCgFir75b88BlUXKCKsp0$0dRClgdisMvCTZEmKmfm4akFlHwZJYBo2YMqiYZzuuk=	\N	f	f	t	2025-09-26 10:17:02.644191+00	Тест	Пользователь_284	testuser_284	testuser_284@example.com	\N	\N	\N	\N	\N	\N	\N
285	pbkdf2_sha256$1000000$xjVhWqX1dW0MXyzxYMDAzx$x7ORT2wRYVqEWmD/31wr+c54YoZkLePQ7iDae3Rpb5I=	\N	f	f	t	2025-09-26 10:17:03.490075+00	Тест	Пользователь_285	testuser_285	testuser_285@example.com	\N	\N	\N	\N	\N	\N	\N
286	pbkdf2_sha256$1000000$Uf45skgThtNaC6uW8mKJaI$2wK+GwLXq6AIK2Wfts+VmdgSHNYH9/8yEt9Bzfcm+9Q=	\N	f	f	t	2025-09-26 10:17:04.339821+00	Тест	Пользователь_286	testuser_286	testuser_286@example.com	\N	\N	\N	\N	\N	\N	\N
287	pbkdf2_sha256$1000000$Fvy5po4mgiB63UlpkjxTFR$XIrUr7j308I7tVa7GrqduL5Dg89MvPyXf8iH/8oCybs=	\N	f	f	t	2025-09-26 10:17:05.226705+00	Тест	Пользователь_287	testuser_287	testuser_287@example.com	\N	\N	\N	\N	\N	\N	\N
288	pbkdf2_sha256$1000000$6wjeaWcFT4VyZk8jm0YSxb$Pw//9yB3+pGIMlHTO9q6Rm4SLjybNp4M8OJfHJP/JBg=	\N	f	f	t	2025-09-26 10:17:06.104494+00	Тест	Пользователь_288	testuser_288	testuser_288@example.com	\N	\N	\N	\N	\N	\N	\N
289	pbkdf2_sha256$1000000$7kpk7lRAMLrPd9H5dANKQz$4FkllIQVcZjVFyPtfdqzKvE7HikVD3o8SLPQ6/D9OMg=	\N	f	f	t	2025-09-26 10:17:06.951668+00	Тест	Пользователь_289	testuser_289	testuser_289@example.com	\N	\N	\N	\N	\N	\N	\N
290	pbkdf2_sha256$1000000$fALBH5QteYU8vRg4YoOCeT$9oxhWfZeLIQ+iMfeC2pT6TvyqqIl3+Cg5FsODD18s7Q=	\N	f	f	t	2025-09-26 10:17:07.807528+00	Тест	Пользователь_290	testuser_290	testuser_290@example.com	\N	\N	\N	\N	\N	\N	\N
291	pbkdf2_sha256$1000000$Ty832VsmGxIJKPk5WtvPhz$dlN4PUh4yKgIlhxZ8aVvI6FDHILE8QurNkpxad8duYc=	\N	f	f	t	2025-09-26 10:17:08.661871+00	Тест	Пользователь_291	testuser_291	testuser_291@example.com	\N	\N	\N	\N	\N	\N	\N
292	pbkdf2_sha256$1000000$glpQB22u49RqOgWhUvADB4$Qi9n/a0c3ZuUc+Ow11/V3ADx66/DDrCy5HpyP18istk=	\N	f	f	t	2025-09-26 10:17:09.509653+00	Тест	Пользователь_292	testuser_292	testuser_292@example.com	\N	\N	\N	\N	\N	\N	\N
293	pbkdf2_sha256$1000000$VAtbyFOvkna0JQDgNuCIt6$ItZ/wIG5IaO0Yph3zn+/lkxDzSdB2kjQ/hcRehzG+E8=	\N	f	f	t	2025-09-26 10:17:10.428805+00	Тест	Пользователь_293	testuser_293	testuser_293@example.com	\N	\N	\N	\N	\N	\N	\N
294	pbkdf2_sha256$1000000$R334WMt8FXMCGNNAkh1LXR$+FMXH7zOe+LzE8eV0OszQvdLCpNl2+nmGNY+FFCeRRc=	\N	f	f	t	2025-09-26 10:17:11.268706+00	Тест	Пользователь_294	testuser_294	testuser_294@example.com	\N	\N	\N	\N	\N	\N	\N
295	pbkdf2_sha256$1000000$BqSMcvX34xLUMriXvZiMpK$MXNT4H7Qjc1vJ3uwFfb87ZUmIYx/ye442BgU3HYyIjo=	\N	f	f	t	2025-09-26 10:17:12.107843+00	Тест	Пользователь_295	testuser_295	testuser_295@example.com	\N	\N	\N	\N	\N	\N	\N
296	pbkdf2_sha256$1000000$i6POPrv0t2qljNSTFfc9r6$FY/PeFlXJnux3G4PI3Nkru4KwVKZ/3FTv+eqUW6p9Jo=	\N	f	f	t	2025-09-26 10:17:12.993869+00	Тест	Пользователь_296	testuser_296	testuser_296@example.com	\N	\N	\N	\N	\N	\N	\N
297	pbkdf2_sha256$1000000$dN03bIcusreVLIHBLOmuOC$wsrF8c888vnEvNiQ6qJEcJrAZLTLBEIspQiAuTCUFwg=	\N	f	f	t	2025-09-26 10:17:13.854744+00	Тест	Пользователь_297	testuser_297	testuser_297@example.com	\N	\N	\N	\N	\N	\N	\N
298	pbkdf2_sha256$1000000$QmoSwC3vcxinbwqMIZ6yrB$YpyTShcmTXn8kRpcE2F0/SfZINCEqeFqao/Wv/YMwTE=	\N	f	f	t	2025-09-26 10:17:14.720073+00	Тест	Пользователь_298	testuser_298	testuser_298@example.com	\N	\N	\N	\N	\N	\N	\N
299	pbkdf2_sha256$1000000$gU6d9wvFin2redjMbxUeXb$D/UqRkWZUFHZd337sCea7MpLRmrzeZ3WLAyP2yI5OKM=	\N	f	f	t	2025-09-26 10:17:15.608012+00	Тест	Пользователь_299	testuser_299	testuser_299@example.com	\N	\N	\N	\N	\N	\N	\N
300	pbkdf2_sha256$1000000$ho4MgRGg8AnOhjGXHnRiw9$lZDoewrQZeVx7ulxMV65D04vcmtyJE6AfdmzTxd0lPQ=	\N	f	f	t	2025-09-26 10:17:16.474356+00	Тест	Пользователь_300	testuser_300	testuser_300@example.com	\N	\N	\N	\N	\N	\N	\N
301	pbkdf2_sha256$1000000$jdlpyOG5FR2BEHjoTm1pk2$o5GNsqVfVCxptihYG0z1TdEXB2SbfBqSqWQCZOFI0Gc=	\N	f	f	t	2025-09-26 10:17:17.312422+00	Тест	Пользователь_301	testuser_301	testuser_301@example.com	\N	\N	\N	\N	\N	\N	\N
302	pbkdf2_sha256$1000000$XrlMgE7Qt1yNDKqlcMKnSN$Q8EBrn4TU7ioDZAqxPm/L+Q6n01nIVCjpraC/GR18lo=	\N	f	f	t	2025-09-26 10:17:18.200916+00	Тест	Пользователь_302	testuser_302	testuser_302@example.com	\N	\N	\N	\N	\N	\N	\N
303	pbkdf2_sha256$1000000$8nnvaesBjQNg8ACXSqdMxm$xj1mv3ad9/V0dyJZ/cGPu5gfLU6iQgDVWkx1wkbYWiA=	\N	f	f	t	2025-09-26 10:17:19.051374+00	Тест	Пользователь_303	testuser_303	testuser_303@example.com	\N	\N	\N	\N	\N	\N	\N
304	pbkdf2_sha256$1000000$Q8OkqWOBRHAbTJwyvfVP9o$UvjPE5HgGWktpqGdQ2XGtP74oB/0YW0EjSBiWBKrqsk=	\N	f	f	t	2025-09-26 10:17:19.91575+00	Тест	Пользователь_304	testuser_304	testuser_304@example.com	\N	\N	\N	\N	\N	\N	\N
305	pbkdf2_sha256$1000000$gwQ669EBM0qXIoq6fvTHk4$gMdx9WmD8Mb04/biI+qMIw3xU9mfEOq2vRrQ6jhr9qQ=	\N	f	f	t	2025-09-26 10:17:20.870979+00	Тест	Пользователь_305	testuser_305	testuser_305@example.com	\N	\N	\N	\N	\N	\N	\N
306	pbkdf2_sha256$1000000$TT88qfKYIZOEd0PPx9n8j5$P4GqIYyNhRqP6fZImLUY+U6eLTl1LiiJyngI3fEMh/g=	\N	f	f	t	2025-09-26 10:17:21.777053+00	Тест	Пользователь_306	testuser_306	testuser_306@example.com	\N	\N	\N	\N	\N	\N	\N
307	pbkdf2_sha256$1000000$IdGtDgRnotlsQXa86OSTei$GOzCui23wGZqd5Dt65g3OvJq0QqyN/MykzpEL5SjpkY=	\N	f	f	t	2025-09-26 10:17:22.6513+00	Тест	Пользователь_307	testuser_307	testuser_307@example.com	\N	\N	\N	\N	\N	\N	\N
308	pbkdf2_sha256$1000000$3yR336DgiECJtiKfvscPNB$fJW20vRevhMHTFaVLWcTT42H4CemZnIYNy13+csfuGE=	\N	f	f	t	2025-09-26 10:17:23.499786+00	Тест	Пользователь_308	testuser_308	testuser_308@example.com	\N	\N	\N	\N	\N	\N	\N
309	pbkdf2_sha256$1000000$5eaPQ8bI0PGaDjVuXVFQHA$0zdV+1EeK5FflGnWtmk+ZQSVUTW8HHdtDE5oMoLVWm8=	\N	f	f	t	2025-09-26 10:17:24.338049+00	Тест	Пользователь_309	testuser_309	testuser_309@example.com	\N	\N	\N	\N	\N	\N	\N
310	pbkdf2_sha256$1000000$ipXKOOGiRf4DtNfHs1ydTH$tLiBR5j+zbr1WaGyIHUuHi7K/wuLlNPLacBLgkCyFu8=	\N	f	f	t	2025-09-26 10:17:25.168024+00	Тест	Пользователь_310	testuser_310	testuser_310@example.com	\N	\N	\N	\N	\N	\N	\N
311	pbkdf2_sha256$1000000$oStsfGD2pWPgZrtXM2n7Nv$xj0krfh5N5DjBRV0NxjBJICwsdB3HsFGiCNbBmBi8JU=	\N	f	f	t	2025-09-26 10:17:26.074372+00	Тест	Пользователь_311	testuser_311	testuser_311@example.com	\N	\N	\N	\N	\N	\N	\N
312	pbkdf2_sha256$1000000$avmWNgj0qKiSdGOmwkHEKW$nYPFAUYhxixesJnqDPdhMepKaqKkiypsf/pdfGO2lkQ=	\N	f	f	t	2025-09-26 10:17:26.935083+00	Тест	Пользователь_312	testuser_312	testuser_312@example.com	\N	\N	\N	\N	\N	\N	\N
313	pbkdf2_sha256$1000000$Egf2XiDimIHUqDS7xh4tLZ$AY8AhdpzdgKqByvGUUHVvYWpygAlztmSLnifKpkZ6tU=	\N	f	f	t	2025-09-26 10:17:27.804479+00	Тест	Пользователь_313	testuser_313	testuser_313@example.com	\N	\N	\N	\N	\N	\N	\N
314	pbkdf2_sha256$1000000$A6RC6JnuXX2MLPeO1egXEE$MEzuM+gbieOmBUZpinvvfN5zTbGU3ldwg+bLedwK6hs=	\N	f	f	t	2025-09-26 10:17:28.599465+00	Тест	Пользователь_314	testuser_314	testuser_314@example.com	\N	\N	\N	\N	\N	\N	\N
315	pbkdf2_sha256$1000000$7WJztY6Qe7FZOiceUhVoSz$LuckMfnVFifwnSt6xqfbOS0pin2/HiJEgDW600GbNlM=	\N	f	f	t	2025-09-26 10:17:29.417684+00	Тест	Пользователь_315	testuser_315	testuser_315@example.com	\N	\N	\N	\N	\N	\N	\N
316	pbkdf2_sha256$1000000$ctOGxF5JDvO7lXKZ8oHTH3$u7gyPrMKY3iNf8L86S0jbljTMlnna9wJScNfr/66opU=	\N	f	f	t	2025-09-26 10:17:30.209922+00	Тест	Пользователь_316	testuser_316	testuser_316@example.com	\N	\N	\N	\N	\N	\N	\N
317	pbkdf2_sha256$1000000$UKsdn1syWlogjZ9OG843rT$HV/wegfZcJzo9n8IqLhBixp3YeiAlQhQdekg/ZHyLjI=	\N	f	f	t	2025-09-26 10:17:31.025242+00	Тест	Пользователь_317	testuser_317	testuser_317@example.com	\N	\N	\N	\N	\N	\N	\N
318	pbkdf2_sha256$1000000$2Tw2gDkFYMJZIaDAkc5gzE$cxvtE69+jf54z/2mGEUavHpmHNs/4dpXEi/zxvhDQWY=	\N	f	f	t	2025-09-26 10:17:31.846374+00	Тест	Пользователь_318	testuser_318	testuser_318@example.com	\N	\N	\N	\N	\N	\N	\N
319	pbkdf2_sha256$1000000$xp5MDNqgfEaEANrLNpzLKf$efp9HIBIhXUvj3eKTZC5v6glWImD9hNxQ8gj/R/3FzU=	\N	f	f	t	2025-09-26 10:17:32.66172+00	Тест	Пользователь_319	testuser_319	testuser_319@example.com	\N	\N	\N	\N	\N	\N	\N
320	pbkdf2_sha256$1000000$HADHypfvQp8cYfjFimoPkU$iFAiPYiIpnkMfSmyX3+ocmGi1DByqCAH2/wu02nUa9g=	\N	f	f	t	2025-09-26 10:17:33.462677+00	Тест	Пользователь_320	testuser_320	testuser_320@example.com	\N	\N	\N	\N	\N	\N	\N
321	pbkdf2_sha256$1000000$LF7YinEvqGJ18jCRqnuSsv$qrCJCk+LRBLPPxe4jL+aG2mpW9CEuOZllBCcii+fcX4=	\N	f	f	t	2025-09-26 10:17:34.31487+00	Тест	Пользователь_321	testuser_321	testuser_321@example.com	\N	\N	\N	\N	\N	\N	\N
322	pbkdf2_sha256$1000000$Heq8Fnv3mQdPXH6OVG6gDX$tiOQEiq0cPbxmiEC4zp4d4Q7DlEqP0QRO8g5auT7xRc=	\N	f	f	t	2025-09-26 10:17:35.127816+00	Тест	Пользователь_322	testuser_322	testuser_322@example.com	\N	\N	\N	\N	\N	\N	\N
323	pbkdf2_sha256$1000000$Cjpdw4iN5T9RJ6VUDlP9nm$S2f4ezgbCCiLPIWpmVkTCr10BgDV/n7T8H4QX0xbncM=	\N	f	f	t	2025-09-26 10:17:35.951901+00	Тест	Пользователь_323	testuser_323	testuser_323@example.com	\N	\N	\N	\N	\N	\N	\N
324	pbkdf2_sha256$1000000$SmIyYHMfdx3FtnrjHEb4md$DdGUlgOiKELzDV5njazK8DVzqassaS1hZsN2gJM9P9o=	\N	f	f	t	2025-09-26 10:17:36.786362+00	Тест	Пользователь_324	testuser_324	testuser_324@example.com	\N	\N	\N	\N	\N	\N	\N
325	pbkdf2_sha256$1000000$5bkJc7mDShkXVQxCBkJjW0$LWCUwjHDURQGcRb20Eqvk2LLlJ6PPu0jtlAwobioJWg=	\N	f	f	t	2025-09-26 10:17:37.637394+00	Тест	Пользователь_325	testuser_325	testuser_325@example.com	\N	\N	\N	\N	\N	\N	\N
326	pbkdf2_sha256$1000000$RNay73A1jhvuqqlb95YKvv$2sn5pC+RxYwSo54NSm1DHOZXlnHdVKVzuEPZpsIsJOw=	\N	f	f	t	2025-09-26 10:17:38.480894+00	Тест	Пользователь_326	testuser_326	testuser_326@example.com	\N	\N	\N	\N	\N	\N	\N
327	pbkdf2_sha256$1000000$L8ou53fFy1ycJdX31PNanN$umBXG9Cp5O16tVXBR12V1xDS13Lu1BCaj3Slyfm2LZM=	\N	f	f	t	2025-09-26 10:17:39.346721+00	Тест	Пользователь_327	testuser_327	testuser_327@example.com	\N	\N	\N	\N	\N	\N	\N
328	pbkdf2_sha256$1000000$cN3Bz5HRLytwEy1EfHkC9y$I8FmEY9Ki98wbxoCRIk81HTMvqvza+QfiD1nFdKhEYo=	\N	f	f	t	2025-09-26 10:17:40.175079+00	Тест	Пользователь_328	testuser_328	testuser_328@example.com	\N	\N	\N	\N	\N	\N	\N
329	pbkdf2_sha256$1000000$4SHQ02A7xY5v6u7ilyBUio$5PDrWXNA3NYuPRQUxE9q3/pjwzfS6UogpwcaXBDUeZE=	\N	f	f	t	2025-09-26 10:17:41.020031+00	Тест	Пользователь_329	testuser_329	testuser_329@example.com	\N	\N	\N	\N	\N	\N	\N
330	pbkdf2_sha256$1000000$n9s1UYPcMmBzUx59ohQ2Nm$wENoUFa0GK7NaCmvAwvywi3CzWDsXQEXVwDXhu+U3Ec=	\N	f	f	t	2025-09-26 10:17:41.868432+00	Тест	Пользователь_330	testuser_330	testuser_330@example.com	\N	\N	\N	\N	\N	\N	\N
331	pbkdf2_sha256$1000000$w5nYpAwGFJW6nL5OqhZvzV$zDIqpSKD7Iq0O54DTaGnajDmjLDidvqcOxoU8QrC9jM=	\N	f	f	t	2025-09-26 10:17:42.698365+00	Тест	Пользователь_331	testuser_331	testuser_331@example.com	\N	\N	\N	\N	\N	\N	\N
332	pbkdf2_sha256$1000000$PPHJroz6AOdzula3JGgJI6$7vm9QpJB4QKrm1hNZs5jphFYc6DqN3WzJB/2dUymIHw=	\N	f	f	t	2025-09-26 10:17:43.555834+00	Тест	Пользователь_332	testuser_332	testuser_332@example.com	\N	\N	\N	\N	\N	\N	\N
333	pbkdf2_sha256$1000000$wi66SS2d2096N3dlelq98i$c2aO7teFhpQtS9iag4mgi4cy6BtYKnuGwPy3GK8eQjg=	\N	f	f	t	2025-09-26 10:17:44.393417+00	Тест	Пользователь_333	testuser_333	testuser_333@example.com	\N	\N	\N	\N	\N	\N	\N
334	pbkdf2_sha256$1000000$9DaCcCpTKF6e7p4vXSSI5t$h95TY5YxhA+aFuTmdSKUrm+rg5vk8ssM5btT58ZiuJo=	\N	f	f	t	2025-09-26 10:17:45.24448+00	Тест	Пользователь_334	testuser_334	testuser_334@example.com	\N	\N	\N	\N	\N	\N	\N
335	pbkdf2_sha256$1000000$CFNJetZ7dpeZ9EGu3R0D0H$YA87aU+CrtLndixMi1Fhpk842vGK6K4BYLrOvlvc+uc=	\N	f	f	t	2025-09-26 10:17:46.103504+00	Тест	Пользователь_335	testuser_335	testuser_335@example.com	\N	\N	\N	\N	\N	\N	\N
336	pbkdf2_sha256$1000000$ylfCEm1tJEAknh95v8asRJ$91mLPgfsl7ihXx/D06/RXd9FlRcGPNJfFc1+DPDgNkg=	\N	f	f	t	2025-09-26 10:17:46.921291+00	Тест	Пользователь_336	testuser_336	testuser_336@example.com	\N	\N	\N	\N	\N	\N	\N
337	pbkdf2_sha256$1000000$zABICPbehPKxKNWtNeGSNc$1bda/ftgRDNa96hHEZPWTuaeR43J+ac2LJHBiO/shdo=	\N	f	f	t	2025-09-26 10:17:47.771846+00	Тест	Пользователь_337	testuser_337	testuser_337@example.com	\N	\N	\N	\N	\N	\N	\N
338	pbkdf2_sha256$1000000$OZcSIH0RCJruTnZkd3GLBW$66bXNwZW2CX88HRoVufzvbBKzfkykIeeC2D+G6ZF3s8=	\N	f	f	t	2025-09-26 10:17:48.608254+00	Тест	Пользователь_338	testuser_338	testuser_338@example.com	\N	\N	\N	\N	\N	\N	\N
339	pbkdf2_sha256$1000000$fZMvsYzV2RSaYVXtC76Rli$mAHoOyODLxE/ZCrwxcI0az+C502DxoixjBSunxahLMU=	\N	f	f	t	2025-09-26 10:17:49.449287+00	Тест	Пользователь_339	testuser_339	testuser_339@example.com	\N	\N	\N	\N	\N	\N	\N
340	pbkdf2_sha256$1000000$Hg48TxwmRLOopIeSnygJEM$4k5aZc1/UNjnhdrQhuA8B7sfBJrtmiRZo0mtdltwTLQ=	\N	f	f	t	2025-09-26 10:17:50.32626+00	Тест	Пользователь_340	testuser_340	testuser_340@example.com	\N	\N	\N	\N	\N	\N	\N
341	pbkdf2_sha256$1000000$ACoMh8mBVhf69qpdHe5vvE$vU95cSXOAG6TFA4fN4O7KSYTlvrjGmDd/uo2rf9oPcw=	\N	f	f	t	2025-09-26 10:17:51.226443+00	Тест	Пользователь_341	testuser_341	testuser_341@example.com	\N	\N	\N	\N	\N	\N	\N
342	pbkdf2_sha256$1000000$uE5RaDYrNwAImLNy3NYiGP$JIV7MB6fvQy0XBpxcYF76sK68ph/1XsflzeTCmK4FsQ=	\N	f	f	t	2025-09-26 10:17:52.281225+00	Тест	Пользователь_342	testuser_342	testuser_342@example.com	\N	\N	\N	\N	\N	\N	\N
343	pbkdf2_sha256$1000000$vJaVBKmbTR2RRtE28b5M0O$jnH8+SiuX3CEN011isdq7DxCL0Wi7T6L74BDxCAJln8=	\N	f	f	t	2025-09-26 10:17:53.14325+00	Тест	Пользователь_343	testuser_343	testuser_343@example.com	\N	\N	\N	\N	\N	\N	\N
344	pbkdf2_sha256$1000000$YaBT4naUHsWbKSlc1l0hMg$IstkYZ6nE180MwAmQudOUbIeKcFye4q4sa9xjHsWnfw=	\N	f	f	t	2025-09-26 10:17:53.984098+00	Тест	Пользователь_344	testuser_344	testuser_344@example.com	\N	\N	\N	\N	\N	\N	\N
345	pbkdf2_sha256$1000000$AbEhhbueW3F4TqBAu15ZUZ$6d6keb/l3+MgCdddbLwoJHZAFkDd5x2mv9d1kanIZJg=	\N	f	f	t	2025-09-26 10:17:54.831806+00	Тест	Пользователь_345	testuser_345	testuser_345@example.com	\N	\N	\N	\N	\N	\N	\N
346	pbkdf2_sha256$1000000$2cKTCQT4TqiVEVH00LWdqM$zwSVlNerqQAPahOhYWWpYQ5qqsNCp/LETT6479k3LlY=	\N	f	f	t	2025-09-26 10:17:55.669668+00	Тест	Пользователь_346	testuser_346	testuser_346@example.com	\N	\N	\N	\N	\N	\N	\N
347	pbkdf2_sha256$1000000$59sg5vEozTV3OoXv4AmU6P$lLp3hqqo38r0Pg/dW1HY0HLqOiF68WiqRUSQvjMGGX0=	\N	f	f	t	2025-09-26 10:17:56.53413+00	Тест	Пользователь_347	testuser_347	testuser_347@example.com	\N	\N	\N	\N	\N	\N	\N
348	pbkdf2_sha256$1000000$03jYKGLC8cpTllgvR9jEej$acqwlk4VpYkwRX2v2ffALbwUFh7rr3+CFZghX2Yy4IY=	\N	f	f	t	2025-09-26 10:17:57.391385+00	Тест	Пользователь_348	testuser_348	testuser_348@example.com	\N	\N	\N	\N	\N	\N	\N
349	pbkdf2_sha256$1000000$TjjmjTQ5fsERDd0zmbdPan$/97zriGoO+6qWIAjUVTF7RVp2XbQ4CH0sPiF+98l2ic=	\N	f	f	t	2025-09-26 10:17:58.30564+00	Тест	Пользователь_349	testuser_349	testuser_349@example.com	\N	\N	\N	\N	\N	\N	\N
350	pbkdf2_sha256$1000000$SsNgfPDayOvbajQWPN5Bcc$Dl3LTFjbEO9BHn2OdTVslmCFAYJuzaSxurCJQ18S/mM=	\N	f	f	t	2025-09-26 10:17:59.161889+00	Тест	Пользователь_350	testuser_350	testuser_350@example.com	\N	\N	\N	\N	\N	\N	\N
351	pbkdf2_sha256$1000000$Rs7FYe6P2P8Xxs2AxHuSPc$RI9wb28py/V4rQPjyJeICVJvSgXbP74PPvp4setfFdM=	\N	f	f	t	2025-09-26 10:18:00.01299+00	Тест	Пользователь_351	testuser_351	testuser_351@example.com	\N	\N	\N	\N	\N	\N	\N
352	pbkdf2_sha256$1000000$6ZrgIcSk4WiVF4iH6HYcR4$v32KGZMafLio9ruSAFPOBsFQha+zk5x2HX0IvSMrU1Y=	\N	f	f	t	2025-09-26 10:18:00.870425+00	Тест	Пользователь_352	testuser_352	testuser_352@example.com	\N	\N	\N	\N	\N	\N	\N
353	pbkdf2_sha256$1000000$vd48mou01dpARoFsaKCTMs$J7Dzdr073iuuQ098TSfANwhhljx26S8FkWVhIrXU78g=	\N	f	f	t	2025-09-26 10:18:01.696496+00	Тест	Пользователь_353	testuser_353	testuser_353@example.com	\N	\N	\N	\N	\N	\N	\N
354	pbkdf2_sha256$1000000$XyPjeoFj4s2DRnKdbfhgGw$c4KhCDlvI4OtrlGK7hDol2RQy1dfOJR3horSRdLCPT8=	\N	f	f	t	2025-09-26 10:18:02.523295+00	Тест	Пользователь_354	testuser_354	testuser_354@example.com	\N	\N	\N	\N	\N	\N	\N
355	pbkdf2_sha256$1000000$4qXkb5Re68OjEQaA9vjm24$ptIz/akXZ2gue0eegK57ka133I4t5t/A+zcxvsHLre8=	\N	f	f	t	2025-09-26 10:18:03.362486+00	Тест	Пользователь_355	testuser_355	testuser_355@example.com	\N	\N	\N	\N	\N	\N	\N
356	pbkdf2_sha256$1000000$X1Cpg1u71smF5NDoZsyzL7$dktKFqmqKMwnG3HutkAIeG4CHp84LUoDhmczR8+4TtY=	\N	f	f	t	2025-09-26 10:18:04.205284+00	Тест	Пользователь_356	testuser_356	testuser_356@example.com	\N	\N	\N	\N	\N	\N	\N
357	pbkdf2_sha256$1000000$Zn9UokATGxamB75TEIy7J6$RVDcWnwIV2Eum4129/197tjCkVY3ZBbpOiXFvtvOuzk=	\N	f	f	t	2025-09-26 10:18:05.060714+00	Тест	Пользователь_357	testuser_357	testuser_357@example.com	\N	\N	\N	\N	\N	\N	\N
358	pbkdf2_sha256$1000000$SlabDtZGgYHdxY1Ep8Wtd4$RupKrgoUPfdbC/9kFIIwaKBnc15Ft5zGYOExBgRmAsk=	\N	f	f	t	2025-09-26 10:18:05.99973+00	Тест	Пользователь_358	testuser_358	testuser_358@example.com	\N	\N	\N	\N	\N	\N	\N
359	pbkdf2_sha256$1000000$9Y8Vl7xxFkZwVVjZ9yQ5ef$HThjpHBfX0IvhCBH+nui5ZcpbI8wb4KXwLgmQMNiIkQ=	\N	f	f	t	2025-09-26 10:18:06.859268+00	Тест	Пользователь_359	testuser_359	testuser_359@example.com	\N	\N	\N	\N	\N	\N	\N
360	pbkdf2_sha256$1000000$pCl0bYhB5Ma79l8r1UQQyU$csONebHI8BWLIstJ8ZaJ1U9ofWxTas5mvtDzBlV7ZwI=	\N	f	f	t	2025-09-26 10:18:07.722777+00	Тест	Пользователь_360	testuser_360	testuser_360@example.com	\N	\N	\N	\N	\N	\N	\N
361	pbkdf2_sha256$1000000$gCCLYGhvn3d6n3AyUgLUDj$rSu1WDsumJ64AzQ2B2tQhde90+uSNFT8XkmUm/aOu8g=	\N	f	f	t	2025-09-26 10:18:08.565912+00	Тест	Пользователь_361	testuser_361	testuser_361@example.com	\N	\N	\N	\N	\N	\N	\N
362	pbkdf2_sha256$1000000$idLLTKM2xcOlyTlO2y41UT$Zrw4M/0cGMsn1FdNuvlJk0OPgCkSe0YFQuYuyS5pjw0=	\N	f	f	t	2025-09-26 10:18:09.42175+00	Тест	Пользователь_362	testuser_362	testuser_362@example.com	\N	\N	\N	\N	\N	\N	\N
363	pbkdf2_sha256$1000000$uito1hQ8WAF5izxF2cS19r$5R+ZTXiGfAsb0x25lh7AvAoTomvCjjcBDNNyPxBf+WM=	\N	f	f	t	2025-09-26 10:18:10.299569+00	Тест	Пользователь_363	testuser_363	testuser_363@example.com	\N	\N	\N	\N	\N	\N	\N
364	pbkdf2_sha256$1000000$7b4LkfDhm4KMrGZfSk6JQv$dCxGI/6x2SgLk0u5aszQJPtXTKV6q5sBUCKbw0/cOmg=	\N	f	f	t	2025-09-26 10:18:11.169192+00	Тест	Пользователь_364	testuser_364	testuser_364@example.com	\N	\N	\N	\N	\N	\N	\N
365	pbkdf2_sha256$1000000$O1kPp4b6vd6ZGCRZpv9Ja6$mFo9AR+MH4577mnIghPdtU1LtNP1Ez3PcciHaqJDlDk=	\N	f	f	t	2025-09-26 10:18:12.047325+00	Тест	Пользователь_365	testuser_365	testuser_365@example.com	\N	\N	\N	\N	\N	\N	\N
366	pbkdf2_sha256$1000000$QmiAnBeu9JDN9WIVobnff6$f8TSZDvefT3VSnULJHjDwN4YFij4zZ0YqxgfFncK//Y=	\N	f	f	t	2025-09-26 10:18:12.918373+00	Тест	Пользователь_366	testuser_366	testuser_366@example.com	\N	\N	\N	\N	\N	\N	\N
367	pbkdf2_sha256$1000000$WPCqTOsk6IHDxLZ58LbJ77$hTsx1ZNUUhXnYtV2Kglr2litrv1ASHLRKKove0G6GeQ=	\N	f	f	t	2025-09-26 10:18:13.788068+00	Тест	Пользователь_367	testuser_367	testuser_367@example.com	\N	\N	\N	\N	\N	\N	\N
368	pbkdf2_sha256$1000000$cEo08eSeVlcBTFtpWtjvj1$GMn/0oJylEviiq864DgiTT3AgwSKGFaKIrCrVWikKws=	\N	f	f	t	2025-09-26 10:18:14.705915+00	Тест	Пользователь_368	testuser_368	testuser_368@example.com	\N	\N	\N	\N	\N	\N	\N
369	pbkdf2_sha256$1000000$uPcQCZDf6GEr1ZiY58GPvh$IQw/N0fghYVjVd1uHwZR5BjCaIcCbUtj6nGdh5O2a5w=	\N	f	f	t	2025-09-26 10:18:15.578693+00	Тест	Пользователь_369	testuser_369	testuser_369@example.com	\N	\N	\N	\N	\N	\N	\N
370	pbkdf2_sha256$1000000$MCgNMeEuwUUP7CDxTjDE9Z$U0dFEZLuA7xd+SWZ40EPBK33OxEfCxkRGO2gxEPWJ/s=	\N	f	f	t	2025-09-26 10:18:16.446722+00	Тест	Пользователь_370	testuser_370	testuser_370@example.com	\N	\N	\N	\N	\N	\N	\N
371	pbkdf2_sha256$1000000$zIDuY3XLJg9LJ0zGgCAYXo$h9Y+4yEHdFqy5f5/lDASWIIyv31J89YrH+jeyrkWrjw=	\N	f	f	t	2025-09-26 10:18:17.333868+00	Тест	Пользователь_371	testuser_371	testuser_371@example.com	\N	\N	\N	\N	\N	\N	\N
372	pbkdf2_sha256$1000000$UYqhQ0gV9OTsF0ZcCXxb7w$ZWxTUx8P2TVntCqVrBtN+BivVjhOCJlZHC5SY/V4NeE=	\N	f	f	t	2025-09-26 10:18:18.195843+00	Тест	Пользователь_372	testuser_372	testuser_372@example.com	\N	\N	\N	\N	\N	\N	\N
373	pbkdf2_sha256$1000000$jFk6oJNFAjXUMkSd9QGQPt$ZHodhgJy6ijSwpn97G10EnsX1GrVXxGuDVD+64IQEw0=	\N	f	f	t	2025-09-26 10:18:19.090909+00	Тест	Пользователь_373	testuser_373	testuser_373@example.com	\N	\N	\N	\N	\N	\N	\N
374	pbkdf2_sha256$1000000$g83C1ijzrqFDIgbxiNcAke$enmqpcZL2w7qK5m5rNytg0yC1SkdE4UmSiH0rK14ozE=	\N	f	f	t	2025-09-26 10:18:19.94379+00	Тест	Пользователь_374	testuser_374	testuser_374@example.com	\N	\N	\N	\N	\N	\N	\N
375	pbkdf2_sha256$1000000$vkGeRnwVxnfPj0uQwaWAMV$Zkd61fJn4EQIgQlJa6vBhk9AjCMp6CRZLb0jnzFminY=	\N	f	f	t	2025-09-26 10:18:20.812698+00	Тест	Пользователь_375	testuser_375	testuser_375@example.com	\N	\N	\N	\N	\N	\N	\N
376	pbkdf2_sha256$1000000$4kDXxmo1rYelVbgMsqttKx$L7i0JkzHD70UCaLh51zo62zsJxeuIBNiKu8SXLzLFD0=	\N	f	f	t	2025-09-26 10:18:21.698235+00	Тест	Пользователь_376	testuser_376	testuser_376@example.com	\N	\N	\N	\N	\N	\N	\N
377	pbkdf2_sha256$1000000$oGnggQr7EjDaEnqRdCJdAv$KmClj/Dh9CRH1XcmKvuePKwsXU24baQ3rjRgfs/AVTA=	\N	f	f	t	2025-09-26 10:18:22.631937+00	Тест	Пользователь_377	testuser_377	testuser_377@example.com	\N	\N	\N	\N	\N	\N	\N
378	pbkdf2_sha256$1000000$R5639diEk5mX1Voqng14ju$nH2ZmihufATBOJ0EJuX88zzUuKf/Y9RmwCcr/brqU2s=	\N	f	f	t	2025-09-26 10:18:23.501064+00	Тест	Пользователь_378	testuser_378	testuser_378@example.com	\N	\N	\N	\N	\N	\N	\N
379	pbkdf2_sha256$1000000$OLKMSo6aCzFMdhfRvtbdWa$m12d4Mx2ExZch1R2rwDZI2NwE+J1TumUF8Bbocog0Dk=	\N	f	f	t	2025-09-26 10:18:24.367193+00	Тест	Пользователь_379	testuser_379	testuser_379@example.com	\N	\N	\N	\N	\N	\N	\N
380	pbkdf2_sha256$1000000$K4pJZuPMXIlPWIUGBfeJIL$NInq5R6lmE274AjTopq1e9hGLUJfdK4Ncha/VynsuLQ=	\N	f	f	t	2025-09-26 10:18:25.231852+00	Тест	Пользователь_380	testuser_380	testuser_380@example.com	\N	\N	\N	\N	\N	\N	\N
381	pbkdf2_sha256$1000000$wcEr6Cthl57fJrpEdtJ1qW$Df4khI2K1hKSHWUHDEWGfjz66GZ70H/t8eHQq1eJMtA=	\N	f	f	t	2025-09-26 10:18:26.123236+00	Тест	Пользователь_381	testuser_381	testuser_381@example.com	\N	\N	\N	\N	\N	\N	\N
382	pbkdf2_sha256$1000000$y3SZTnHJ2HKXcQu8fPJ5I9$1Bwuhf+QRaZRrP6jzwlleXS0EjJ7WMs/WoZ0/m2Imzo=	\N	f	f	t	2025-09-26 10:18:26.981231+00	Тест	Пользователь_382	testuser_382	testuser_382@example.com	\N	\N	\N	\N	\N	\N	\N
383	pbkdf2_sha256$1000000$XcyzcvVERLHQmrP2lrfJTN$nBNBSzVrgh+J6V3467TOedkBPBb0UsY1/Zkr+kDX1JA=	\N	f	f	t	2025-09-26 10:18:27.876295+00	Тест	Пользователь_383	testuser_383	testuser_383@example.com	\N	\N	\N	\N	\N	\N	\N
384	pbkdf2_sha256$1000000$uaBLDMR5ELILMcbpqFKKvA$u4pBwAyCaDbbvxuSarbZeXV8ipbvyQwNEQAaPS4dzJ0=	\N	f	f	t	2025-09-26 10:18:28.74333+00	Тест	Пользователь_384	testuser_384	testuser_384@example.com	\N	\N	\N	\N	\N	\N	\N
385	pbkdf2_sha256$1000000$Kim5XD4NlqH3ITokHJzjwN$71YoTZl2iHiOkgbzbVT8eoMk0vH1Il+lBTqF+jKy0vA=	\N	f	f	t	2025-09-26 10:18:29.611358+00	Тест	Пользователь_385	testuser_385	testuser_385@example.com	\N	\N	\N	\N	\N	\N	\N
386	pbkdf2_sha256$1000000$WRZ0UXAvxFHFcTt9tcIMN9$uaqTrlu6JkjMeR//Tw5VA4qrwA2NrgLxN3NP3vM8wmA=	\N	f	f	t	2025-09-26 10:18:30.480512+00	Тест	Пользователь_386	testuser_386	testuser_386@example.com	\N	\N	\N	\N	\N	\N	\N
387	pbkdf2_sha256$1000000$FFlzbv06FYqb0lFwUmMr2p$6dFfDTuBIO3VfDNJLXVH5PKBNl2zx0DnSO/xcVD9Ofs=	\N	f	f	t	2025-09-26 10:18:31.361746+00	Тест	Пользователь_387	testuser_387	testuser_387@example.com	\N	\N	\N	\N	\N	\N	\N
388	pbkdf2_sha256$1000000$VSq5aEjyvmKywgyjPpPOrF$NCURo7rzsgQV/sw6URVD+ve4hV6oBhFrjBfUieYNg4g=	\N	f	f	t	2025-09-26 10:18:32.242381+00	Тест	Пользователь_388	testuser_388	testuser_388@example.com	\N	\N	\N	\N	\N	\N	\N
389	pbkdf2_sha256$1000000$8h8G4jh5y6DC2EiWDOZR9t$jel3y2WPkq7LRNeD2FR85GYaPSNw1/LMMPOe/6qFtTk=	\N	f	f	t	2025-09-26 10:18:33.100472+00	Тест	Пользователь_389	testuser_389	testuser_389@example.com	\N	\N	\N	\N	\N	\N	\N
390	pbkdf2_sha256$1000000$KfUH08tMKoaPOIhUjguIyT$a8lvhvq9Cw1Gs/cL8LUCRYS2ckv8xpw9oY4rdQHSHUc=	\N	f	f	t	2025-09-26 10:18:33.890405+00	Тест	Пользователь_390	testuser_390	testuser_390@example.com	\N	\N	\N	\N	\N	\N	\N
391	pbkdf2_sha256$1000000$MbvpVHyKFu5EvsOhkaCNAm$e4oGReYOe2j+lfP0yTU/sCG9f3X8BOwdULWTIWiVQa4=	\N	f	f	t	2025-09-26 10:18:34.714347+00	Тест	Пользователь_391	testuser_391	testuser_391@example.com	\N	\N	\N	\N	\N	\N	\N
392	pbkdf2_sha256$1000000$FmpwgjXpoZiwqRRoo2hrLS$Z6609b8JeHCiUHD+aWlb/Db5AcyAwjcHgHoqUaozjYY=	\N	f	f	t	2025-09-26 10:18:35.514221+00	Тест	Пользователь_392	testuser_392	testuser_392@example.com	\N	\N	\N	\N	\N	\N	\N
393	pbkdf2_sha256$1000000$xBg0FVnRqkbOwF4KuB9Pxy$6N2mF8Kt2+Xfms4RLiscGBeHid1fNewfJ2Rufsl09iI=	\N	f	f	t	2025-09-26 10:18:36.320187+00	Тест	Пользователь_393	testuser_393	testuser_393@example.com	\N	\N	\N	\N	\N	\N	\N
394	pbkdf2_sha256$1000000$84QXl94vjUidrWXE1XvwKs$SGX7IA6AijlhfHjcKhHsEVY+6DFGfV/zTzAL+BLOfQw=	\N	f	f	t	2025-09-26 10:18:37.144429+00	Тест	Пользователь_394	testuser_394	testuser_394@example.com	\N	\N	\N	\N	\N	\N	\N
395	pbkdf2_sha256$1000000$lAUC6KgRMfqQdB6paff6cT$Hxy1uskcQ7KNhZ91kL9QxAz4wQJP90dJN68CamJtnJM=	\N	f	f	t	2025-09-26 10:18:37.953843+00	Тест	Пользователь_395	testuser_395	testuser_395@example.com	\N	\N	\N	\N	\N	\N	\N
396	pbkdf2_sha256$1000000$ocq6w8veD1d984PvprTZcK$eDeSkIob+zTpwEF1/xxOiYIwzx17OFdpwjX5i9Mvdc0=	\N	f	f	t	2025-09-26 10:18:38.812494+00	Тест	Пользователь_396	testuser_396	testuser_396@example.com	\N	\N	\N	\N	\N	\N	\N
397	pbkdf2_sha256$1000000$oIfG4RGEApc5lQLzcs3STB$AKaXpvWbgJKgrgoc4D8nzg3mW2FUMEsb9Jm4v/b63c0=	\N	f	f	t	2025-09-26 10:18:39.675437+00	Тест	Пользователь_397	testuser_397	testuser_397@example.com	\N	\N	\N	\N	\N	\N	\N
398	pbkdf2_sha256$1000000$8QyYgZwhTcq1bIjM79UeSA$fi+8NQAF0gqOon/dtGHagmYjnMTmH/qknQlCUSr9W34=	\N	f	f	t	2025-09-26 10:18:40.533446+00	Тест	Пользователь_398	testuser_398	testuser_398@example.com	\N	\N	\N	\N	\N	\N	\N
399	pbkdf2_sha256$1000000$gfUjMuAvjg6jLbHQjNW20m$zdCF70lC6sQ+gnAYWSIi1LKRQiN33G85KSX8EaAx1Is=	\N	f	f	t	2025-09-26 10:18:41.436146+00	Тест	Пользователь_399	testuser_399	testuser_399@example.com	\N	\N	\N	\N	\N	\N	\N
400	pbkdf2_sha256$1000000$UW3JaKf5mZZtMY1ZNXykaZ$QsAps4Auw8fbZl3oRWaCkLs+O0l4BUGQGJXjqYPxtQo=	\N	f	f	t	2025-09-26 10:18:42.314546+00	Тест	Пользователь_400	testuser_400	testuser_400@example.com	\N	\N	\N	\N	\N	\N	\N
401	pbkdf2_sha256$1000000$2PfMw7Dc2SZqBqPBEsSo3c$uC6mThuLfy4ZBDnx930nq3cynNIB3pfy3FQfgmbnX9I=	\N	f	f	t	2025-09-26 10:18:43.269074+00	Тест	Пользователь_401	testuser_401	testuser_401@example.com	\N	\N	\N	\N	\N	\N	\N
402	pbkdf2_sha256$1000000$ZZD01PzZPHz7qatJfcXwKc$Lz1noxVRJyZmZh9KNiYAWSfSc0rQMXv1Un79gtKyIqM=	\N	f	f	t	2025-09-26 10:18:44.144827+00	Тест	Пользователь_402	testuser_402	testuser_402@example.com	\N	\N	\N	\N	\N	\N	\N
403	pbkdf2_sha256$1000000$wcVQdqVh7IJyohSjaaf2nK$4/ttob5vrMgtAqKlvfU1pZyDyeQpfXiSS1j5yHfxc8s=	\N	f	f	t	2025-09-26 10:18:45.009848+00	Тест	Пользователь_403	testuser_403	testuser_403@example.com	\N	\N	\N	\N	\N	\N	\N
404	pbkdf2_sha256$1000000$cG7MUYnvzKy0CRZVauqUz1$TChQIR8xo7sh/gCWENZ2y2BvCM8qp8p01+6uBZJxPDk=	\N	f	f	t	2025-09-26 10:18:45.890926+00	Тест	Пользователь_404	testuser_404	testuser_404@example.com	\N	\N	\N	\N	\N	\N	\N
405	pbkdf2_sha256$1000000$RFOP5Yk461XezOfDTjGZE6$bRHlyGqBSgDlKXUdrsyIHb4U4uKGW8DbfeV9bWwSR7Y=	\N	f	f	t	2025-09-26 10:18:46.746444+00	Тест	Пользователь_405	testuser_405	testuser_405@example.com	\N	\N	\N	\N	\N	\N	\N
406	pbkdf2_sha256$1000000$9MM6rlGfpukM4LBHbkIPlY$Mm28EBDAycTZJ1sjO8H8bhxTrvB1dxLOibfokcBQbVk=	\N	f	f	t	2025-09-26 10:18:47.607407+00	Тест	Пользователь_406	testuser_406	testuser_406@example.com	\N	\N	\N	\N	\N	\N	\N
407	pbkdf2_sha256$1000000$TiDcPUx3CeenyjCkcLXs3A$YIA55rlVE8rzdIaUVRm15dXcbPRBKb3ZWLqGqxdYpg4=	\N	f	f	t	2025-09-26 10:18:48.502809+00	Тест	Пользователь_407	testuser_407	testuser_407@example.com	\N	\N	\N	\N	\N	\N	\N
408	pbkdf2_sha256$1000000$YWIB3x7sau28RgamZkZ3JM$EE1c43NjWBbB6U84Ex6YZnscsP5u9LK+dIANwUNYUZ0=	\N	f	f	t	2025-09-26 10:18:49.370271+00	Тест	Пользователь_408	testuser_408	testuser_408@example.com	\N	\N	\N	\N	\N	\N	\N
409	pbkdf2_sha256$1000000$WzhAR0JH6bEckzWlN3KZnv$SEkXtza7EWmmkuIFbgt+Sidezoh+GFbIF3E+od1Tlsk=	\N	f	f	t	2025-09-26 10:18:50.222819+00	Тест	Пользователь_409	testuser_409	testuser_409@example.com	\N	\N	\N	\N	\N	\N	\N
410	pbkdf2_sha256$1000000$Q6hK9DWQrUy6yAHMM8Vzy7$EAr4XfjPH158EUl7nnZjSBf5G4KLZOnDiB31IXv1pjE=	\N	f	f	t	2025-09-26 10:18:51.086425+00	Тест	Пользователь_410	testuser_410	testuser_410@example.com	\N	\N	\N	\N	\N	\N	\N
411	pbkdf2_sha256$1000000$kqak4lJkmuboHy8gF1bFOb$Tbd9mKblKQJwvpm5PYlNXh64559B+QkZfSxZTrWXSf8=	\N	f	f	t	2025-09-26 10:18:51.948948+00	Тест	Пользователь_411	testuser_411	testuser_411@example.com	\N	\N	\N	\N	\N	\N	\N
412	pbkdf2_sha256$1000000$sE3frUi7K5ZqlQZbVviS70$rslT9Xkt6eKrqL5R4mpe1F/GTNSexMP3NR4xL2SALM8=	\N	f	f	t	2025-09-26 10:18:52.802325+00	Тест	Пользователь_412	testuser_412	testuser_412@example.com	\N	\N	\N	\N	\N	\N	\N
413	pbkdf2_sha256$1000000$85b8EbfjiYitYmsTxCBF52$T2qTFvpoISTqaXkavT7JVJm3BGbNItwN6ci8YQGyLR4=	\N	f	f	t	2025-09-26 10:18:53.640683+00	Тест	Пользователь_413	testuser_413	testuser_413@example.com	\N	\N	\N	\N	\N	\N	\N
414	pbkdf2_sha256$1000000$biqugk963Q4CuNfxNHIhRI$x3DDUio/2xi4a6Ye9G83/gLjMrs6F5l2CTnMrXfDGBM=	\N	f	f	t	2025-09-26 10:18:54.470377+00	Тест	Пользователь_414	testuser_414	testuser_414@example.com	\N	\N	\N	\N	\N	\N	\N
415	pbkdf2_sha256$1000000$Wo8crC6j7JE6IZ3iwv0RWs$dFw3IXmmsk03llsYY7+g93dYynl5PmEKpIvZAtyV1H0=	\N	f	f	t	2025-09-26 10:18:55.419668+00	Тест	Пользователь_415	testuser_415	testuser_415@example.com	\N	\N	\N	\N	\N	\N	\N
416	pbkdf2_sha256$1000000$Nz4XLwFIAb5EHCTnJ2M5eb$GL9v1uNgeLjNC1TA1ysPFyFOCvsmSBDhdFCH7HCDQRM=	\N	f	f	t	2025-09-26 10:18:56.408019+00	Тест	Пользователь_416	testuser_416	testuser_416@example.com	\N	\N	\N	\N	\N	\N	\N
417	pbkdf2_sha256$1000000$C5fEDSLL5sLXssvpgM9QfY$hYUFHplJLQnOu54F10fo34MDsACfoYtctgREA4C0110=	\N	f	f	t	2025-09-26 10:18:57.31051+00	Тест	Пользователь_417	testuser_417	testuser_417@example.com	\N	\N	\N	\N	\N	\N	\N
418	pbkdf2_sha256$1000000$FJzWD5rlpFK3dJ2nySwKUB$ao/nXSuzLsoU3AKPqXfmo80ReedOqeFLvKi1+SgdoOI=	\N	f	f	t	2025-09-26 10:18:58.159574+00	Тест	Пользователь_418	testuser_418	testuser_418@example.com	\N	\N	\N	\N	\N	\N	\N
419	pbkdf2_sha256$1000000$Jn0iI5rHUyDsMiGzRxaRdT$xMVLnYzR8Cz/WfO8CtqyUsHI0q52tCdQnJ4jDAbbgVE=	\N	f	f	t	2025-09-26 10:18:59.018323+00	Тест	Пользователь_419	testuser_419	testuser_419@example.com	\N	\N	\N	\N	\N	\N	\N
420	pbkdf2_sha256$1000000$MpQPBDVCkVIMfrmiEkMz7S$DrEZQHy4v1xBgJrS9nmVqPlav5OSdOksi62bpBWxZ/U=	\N	f	f	t	2025-09-26 10:18:59.90142+00	Тест	Пользователь_420	testuser_420	testuser_420@example.com	\N	\N	\N	\N	\N	\N	\N
421	pbkdf2_sha256$1000000$muLYoDtjOa8ODoIbK5Q2Fn$ZbIVYvhW+DsrH1WMZw+6oylFF6V5+iTH/dqZLK3xL3I=	\N	f	f	t	2025-09-26 10:19:00.756457+00	Тест	Пользователь_421	testuser_421	testuser_421@example.com	\N	\N	\N	\N	\N	\N	\N
422	pbkdf2_sha256$1000000$jpSkY7Y4eURdDSGfh0Dkd6$VuU+mbDImDgoQUkyU+Tdx8pkbrltE47Hdo9wP2Rq44k=	\N	f	f	t	2025-09-26 10:19:01.606205+00	Тест	Пользователь_422	testuser_422	testuser_422@example.com	\N	\N	\N	\N	\N	\N	\N
423	pbkdf2_sha256$1000000$aBjrJH0ljzKbGIeEHGHuKM$cFjVzPQrZFSAQugbN9j+IhhmyG+t8h3ZUEVdeVS+hZQ=	\N	f	f	t	2025-09-26 10:19:02.450818+00	Тест	Пользователь_423	testuser_423	testuser_423@example.com	\N	\N	\N	\N	\N	\N	\N
424	pbkdf2_sha256$1000000$TbnPZaUrDYFBRTqfLPOZC9$200RRwYSLMjzhqAAEmXa6Aa3WIPm+m3Q71cMwP6CPGo=	\N	f	f	t	2025-09-26 10:19:03.293703+00	Тест	Пользователь_424	testuser_424	testuser_424@example.com	\N	\N	\N	\N	\N	\N	\N
425	pbkdf2_sha256$1000000$qZSCDy2JSzUJaxEmLp3fpY$bep72CdVufuyDQjdoDPXaRXmcGgzD2+Mz+S3fPzgIRE=	\N	f	f	t	2025-09-26 10:19:04.246278+00	Тест	Пользователь_425	testuser_425	testuser_425@example.com	\N	\N	\N	\N	\N	\N	\N
426	pbkdf2_sha256$1000000$E2F87UQU450mAiHBKqq1MX$YBu2y6+Ys7s4hpaeno4Zhd4gLNcpya6qwjSVV2g9TAs=	\N	f	f	t	2025-09-26 10:19:05.164304+00	Тест	Пользователь_426	testuser_426	testuser_426@example.com	\N	\N	\N	\N	\N	\N	\N
427	pbkdf2_sha256$1000000$lx0bt6wshRVnhhvHV1RTPb$DHAkRZIU7/i4rqJQtC24dU42m3V7q5hoCrkiFFPfZk8=	\N	f	f	t	2025-09-26 10:19:06.056119+00	Тест	Пользователь_427	testuser_427	testuser_427@example.com	\N	\N	\N	\N	\N	\N	\N
428	pbkdf2_sha256$1000000$55jdFpFf6Dj3StKnLjA8Ax$a36VMG0jJoQsx1voPsPefNEbgZcmiK1FpT/S621cL94=	\N	f	f	t	2025-09-26 10:19:06.886328+00	Тест	Пользователь_428	testuser_428	testuser_428@example.com	\N	\N	\N	\N	\N	\N	\N
429	pbkdf2_sha256$1000000$F7r1A8EreCQIelzOFDBbW3$iKTGqw8AopbIkvZpmTXRtfIjhG1BVAEQwTqc93Fvv3g=	\N	f	f	t	2025-09-26 10:19:07.683948+00	Тест	Пользователь_429	testuser_429	testuser_429@example.com	\N	\N	\N	\N	\N	\N	\N
430	pbkdf2_sha256$1000000$WCjdGrVDRi501X1guA0REL$r4ia+GWIBnnzy9BJKY4Fo3Fwc31ZId8XCX2BHlkBkn0=	\N	f	f	t	2025-09-26 10:19:08.502193+00	Тест	Пользователь_430	testuser_430	testuser_430@example.com	\N	\N	\N	\N	\N	\N	\N
431	pbkdf2_sha256$1000000$QFnlSGvUfQRsrTiLVdCmBJ$L5RwJi3atL6UcCI8oyjRk9CtnRdRhLxN4Hdvbwk60+c=	\N	f	f	t	2025-09-26 10:19:09.351505+00	Тест	Пользователь_431	testuser_431	testuser_431@example.com	\N	\N	\N	\N	\N	\N	\N
432	pbkdf2_sha256$1000000$w3KxQcp64R8OjoyRTF4uQu$W0K8fU7vAIDMYBpr0nKbZR6erzyU8V1z8jBzl7x/vvI=	\N	f	f	t	2025-09-26 10:19:10.208537+00	Тест	Пользователь_432	testuser_432	testuser_432@example.com	\N	\N	\N	\N	\N	\N	\N
433	pbkdf2_sha256$1000000$Fi91kNC6RuHtErxRj0aifi$oQtlnlBRSTRahW6pPl5J5WeYjnQzvuKI6bJVJwGHCqE=	\N	f	f	t	2025-09-26 10:19:11.078232+00	Тест	Пользователь_433	testuser_433	testuser_433@example.com	\N	\N	\N	\N	\N	\N	\N
434	pbkdf2_sha256$1000000$KLqTM2rJzfv5vn83lfJYbt$a+vnKyxkITdz1Qqc/hCJUjB3xpN8dRrTa12tvXCLfqk=	\N	f	f	t	2025-09-26 10:19:11.933132+00	Тест	Пользователь_434	testuser_434	testuser_434@example.com	\N	\N	\N	\N	\N	\N	\N
435	pbkdf2_sha256$1000000$a80ovLwrJadrbARRWCI7V1$WlJz4MDZrH5nPrU5AXmLYyBDuj5bomKk3UmkUn4/jt0=	\N	f	f	t	2025-09-26 10:19:12.77463+00	Тест	Пользователь_435	testuser_435	testuser_435@example.com	\N	\N	\N	\N	\N	\N	\N
436	pbkdf2_sha256$1000000$Tjv2UjXSx8KGvCfUrykpDf$GwOVBbQgKDfZvWStiPmY8ZmH0XiMxFwAVNOXesw9jIE=	\N	f	f	t	2025-09-26 10:19:13.622882+00	Тест	Пользователь_436	testuser_436	testuser_436@example.com	\N	\N	\N	\N	\N	\N	\N
437	pbkdf2_sha256$1000000$HcOiiadLONh4Xnr0LhIROE$Uy4XniQzz4vpGDdaDKauFR3+HND1b99K/9nDx1NdoCA=	\N	f	f	t	2025-09-26 10:19:14.48171+00	Тест	Пользователь_437	testuser_437	testuser_437@example.com	\N	\N	\N	\N	\N	\N	\N
438	pbkdf2_sha256$1000000$MPigeuLIqYpmdvCpzIvA1L$YP402+Q4OgYpT1QYr7a3Itg6O/sS9kHXMPrRha8rIug=	\N	f	f	t	2025-09-26 10:19:15.355946+00	Тест	Пользователь_438	testuser_438	testuser_438@example.com	\N	\N	\N	\N	\N	\N	\N
439	pbkdf2_sha256$1000000$hIPWG9L60VIoCUTSoyZe5w$o6x8W6vB3V+lehHoxTc+Og6uE3n19LZvveuzeliH1UU=	\N	f	f	t	2025-09-26 10:19:16.29231+00	Тест	Пользователь_439	testuser_439	testuser_439@example.com	\N	\N	\N	\N	\N	\N	\N
440	pbkdf2_sha256$1000000$pcIyBIb09W4AHPEOCBr5gK$R2O+9Exom2HswoTNgA/ReQAmjuoGu3Mng9LNWCB/qLQ=	\N	f	f	t	2025-09-26 10:19:17.143153+00	Тест	Пользователь_440	testuser_440	testuser_440@example.com	\N	\N	\N	\N	\N	\N	\N
441	pbkdf2_sha256$1000000$8cOpOIJaRIsymnVevZEdBm$ceCPzfA75PDKvva2ebhAehjXe44ebbM7SPEXyPd3ayo=	\N	f	f	t	2025-09-26 10:19:18.035473+00	Тест	Пользователь_441	testuser_441	testuser_441@example.com	\N	\N	\N	\N	\N	\N	\N
442	pbkdf2_sha256$1000000$ULRWEgpiBMd4jVHBCrBkxE$4tYSO+a7cfT459MNhbMlftVUaUXXBujubyIRT5Xv8l4=	\N	f	f	t	2025-09-26 10:19:18.921177+00	Тест	Пользователь_442	testuser_442	testuser_442@example.com	\N	\N	\N	\N	\N	\N	\N
443	pbkdf2_sha256$1000000$0PBogFJFVya8iMq8YNZEcM$OEW4TMhLKWspHZzet6FuJO5Fi79FPo+E2Sgw9dc/Hzw=	\N	f	f	t	2025-09-26 10:19:19.826239+00	Тест	Пользователь_443	testuser_443	testuser_443@example.com	\N	\N	\N	\N	\N	\N	\N
444	pbkdf2_sha256$1000000$bnhMeeA0hrxotilMLyJsw0$9hDdZNjGF55mnh9CKjWE6kri5vSQ0qwUOHdxWRgyC9g=	\N	f	f	t	2025-09-26 10:19:20.719958+00	Тест	Пользователь_444	testuser_444	testuser_444@example.com	\N	\N	\N	\N	\N	\N	\N
445	pbkdf2_sha256$1000000$ckiRv83jGFIrxwnbZFF3jD$71/CeV9yBbfbhUWoYVcX0AZ3+2dtxSOPvR2HkH57Zyc=	\N	f	f	t	2025-09-26 10:19:21.602151+00	Тест	Пользователь_445	testuser_445	testuser_445@example.com	\N	\N	\N	\N	\N	\N	\N
446	pbkdf2_sha256$1000000$VBULjs27tcxS1Zeicv9Gvf$rPGRzYY8bi/MX8Fg6Kzoupf7jsLNj7V8OMWpiYydWHE=	\N	f	f	t	2025-09-26 10:19:22.511994+00	Тест	Пользователь_446	testuser_446	testuser_446@example.com	\N	\N	\N	\N	\N	\N	\N
447	pbkdf2_sha256$1000000$oj0Lcc2POKH0sknmdwOUoE$ywGAw1xutfXArjgjLby6KLOYqVvnT0FCz/usCkQubFc=	\N	f	f	t	2025-09-26 10:19:23.399433+00	Тест	Пользователь_447	testuser_447	testuser_447@example.com	\N	\N	\N	\N	\N	\N	\N
448	pbkdf2_sha256$1000000$lO6Kv5KLQswkxivLIZSpT6$C6gcom/voyLelS0LAY9E0QAzYlUMv+O6UHp9mAj/KL4=	\N	f	f	t	2025-09-26 10:19:24.294139+00	Тест	Пользователь_448	testuser_448	testuser_448@example.com	\N	\N	\N	\N	\N	\N	\N
449	pbkdf2_sha256$1000000$n3p7QusAVQBXKiDdYkn8ZH$QgF55j3MYhSY3Ko9NqTQIVBj9PzefqMRTWNu4xuO1KM=	\N	f	f	t	2025-09-26 10:19:25.199131+00	Тест	Пользователь_449	testuser_449	testuser_449@example.com	\N	\N	\N	\N	\N	\N	\N
450	pbkdf2_sha256$1000000$EKABuiGwdzEch7d6KFTqLN$TqfrSqMm765Da++vGfePTMNkmJk+6UmZzurmYWGRoF4=	\N	f	f	t	2025-09-26 10:19:26.063971+00	Тест	Пользователь_450	testuser_450	testuser_450@example.com	\N	\N	\N	\N	\N	\N	\N
451	pbkdf2_sha256$1000000$0e6lxTrbizeyQYap08WMrK$fjLy6m/ST374FEVPQ6iFwWkNKQmO5qARZ6MwDTRBJ8k=	\N	f	f	t	2025-09-26 10:19:26.954185+00	Тест	Пользователь_451	testuser_451	testuser_451@example.com	\N	\N	\N	\N	\N	\N	\N
452	pbkdf2_sha256$1000000$Qyqoz9LdA14Hjyxq9iGUf5$eRz4xhtdc1wtbYR4hTimsvtlb1c1YjpwumrwLMcvI9o=	\N	f	f	t	2025-09-26 10:19:27.832698+00	Тест	Пользователь_452	testuser_452	testuser_452@example.com	\N	\N	\N	\N	\N	\N	\N
453	pbkdf2_sha256$1000000$jOchIVrHDFKCknWtEfBLnp$x2eluRbYrw3s2XeDDKlGr+VsFSeq/pD3MP35fBF/+5o=	\N	f	f	t	2025-09-26 10:19:28.720539+00	Тест	Пользователь_453	testuser_453	testuser_453@example.com	\N	\N	\N	\N	\N	\N	\N
454	pbkdf2_sha256$1000000$y1Tx9NGnk0lj1DtRKoqh0e$13tBtRTXIoAADeKMwXXVXH1lr1F7SrONsYRu2vT7CTI=	\N	f	f	t	2025-09-26 10:19:29.586898+00	Тест	Пользователь_454	testuser_454	testuser_454@example.com	\N	\N	\N	\N	\N	\N	\N
455	pbkdf2_sha256$1000000$TZK3F2e0DD9PPX9tYoeEhC$cmu1F96x7ZaaQ+qotwJMFEy2f92ktsdx9O2ZT2+noT8=	\N	f	f	t	2025-09-26 10:19:30.433704+00	Тест	Пользователь_455	testuser_455	testuser_455@example.com	\N	\N	\N	\N	\N	\N	\N
456	pbkdf2_sha256$1000000$kQJL8IdrRff50lLLjn7rHp$jlNRgtiILKCVb/uSUg6Wl69v1U8WgMLZNkagvzTGDoU=	\N	f	f	t	2025-09-26 10:19:31.304375+00	Тест	Пользователь_456	testuser_456	testuser_456@example.com	\N	\N	\N	\N	\N	\N	\N
457	pbkdf2_sha256$1000000$mylhKe37zAuTkWEKZfm7sX$kpTyQeXHJy1CtXiakFuHYT9L06B6ee6FX6l1++Z8anY=	\N	f	f	t	2025-09-26 10:19:32.177241+00	Тест	Пользователь_457	testuser_457	testuser_457@example.com	\N	\N	\N	\N	\N	\N	\N
458	pbkdf2_sha256$1000000$mJF544z6OJeiNMZTLq99ll$GNs52FzvabcgeTIsfhCOWONXU/yNDSK57Zy7Vw10vOc=	\N	f	f	t	2025-09-26 10:19:33.059995+00	Тест	Пользователь_458	testuser_458	testuser_458@example.com	\N	\N	\N	\N	\N	\N	\N
459	pbkdf2_sha256$1000000$HH0u12dvfyyg2gALVHsgsh$bY8hUh6lqHQquYsnNr14+O/VfKzdkQ4GB4B85RUtXo4=	\N	f	f	t	2025-09-26 10:19:33.928754+00	Тест	Пользователь_459	testuser_459	testuser_459@example.com	\N	\N	\N	\N	\N	\N	\N
460	pbkdf2_sha256$1000000$hwgcTjJB3TrO9ZttJ8gCPa$PMdJTNWpQt7RNuepQESNDwEHyzK8n+L16ut9ucc2mIA=	\N	f	f	t	2025-09-26 10:19:34.936888+00	Тест	Пользователь_460	testuser_460	testuser_460@example.com	\N	\N	\N	\N	\N	\N	\N
461	pbkdf2_sha256$1000000$qrRdmUwVqKzpLAE5HqCgUs$vaesLQav1jPvJdEuVJTxye09zAJzvwjslaMYIMccjKg=	\N	f	f	t	2025-09-26 10:19:35.912249+00	Тест	Пользователь_461	testuser_461	testuser_461@example.com	\N	\N	\N	\N	\N	\N	\N
462	pbkdf2_sha256$1000000$a5Tw6vQ4NrtVXW3S1clNVQ$eTbJQUfk1vwMNDEacA6y/InztZsXqgjxBKzMJbY9je4=	\N	f	f	t	2025-09-26 10:19:36.802158+00	Тест	Пользователь_462	testuser_462	testuser_462@example.com	\N	\N	\N	\N	\N	\N	\N
463	pbkdf2_sha256$1000000$OQHwMidB9XSc3cxXKZvCr3$7B5x+bXMvpJN4I/mupXuqG07xftsK9X69mdTOf3BZE4=	\N	f	f	t	2025-09-26 10:19:37.668424+00	Тест	Пользователь_463	testuser_463	testuser_463@example.com	\N	\N	\N	\N	\N	\N	\N
464	pbkdf2_sha256$1000000$Vx4glPhzwXZNvQJu1KJsbZ$h46OafxbT1TJwU3XAi+Mgzzr1kZQhjuYnGi1mPsdyac=	\N	f	f	t	2025-09-26 10:19:38.518557+00	Тест	Пользователь_464	testuser_464	testuser_464@example.com	\N	\N	\N	\N	\N	\N	\N
465	pbkdf2_sha256$1000000$efBfWSUsqtQA6bRqiI1LGi$LasXshdGXEzsdug9pRSy64tiSkazecFEDdsisIIfiYU=	\N	f	f	t	2025-09-26 10:19:39.354457+00	Тест	Пользователь_465	testuser_465	testuser_465@example.com	\N	\N	\N	\N	\N	\N	\N
466	pbkdf2_sha256$1000000$WS00TzU31JG7fjlCuywyXA$+RxjX+WwNpZAma59gFdyG8zWDZXq1XtAzyrjDc7dpOc=	\N	f	f	t	2025-09-26 10:19:40.201142+00	Тест	Пользователь_466	testuser_466	testuser_466@example.com	\N	\N	\N	\N	\N	\N	\N
467	pbkdf2_sha256$1000000$7lLahTFI2qUyFha6E7S7cs$MwhBt0jRTZ8q0adrgi8UJAHSUe4QwBwLZPY5ToBAvgI=	\N	f	f	t	2025-09-26 10:19:41.066273+00	Тест	Пользователь_467	testuser_467	testuser_467@example.com	\N	\N	\N	\N	\N	\N	\N
468	pbkdf2_sha256$1000000$cSuMuj5M0F7YkobkA7qPlo$mIq+qBdo67NptAKiTLbjzYdnHK4ISiHHCMNNo4o9yRE=	\N	f	f	t	2025-09-26 10:19:41.901596+00	Тест	Пользователь_468	testuser_468	testuser_468@example.com	\N	\N	\N	\N	\N	\N	\N
469	pbkdf2_sha256$1000000$XHBujhUycRzmP2MiJd3yLN$DOOwSgv3A0mLZBSfpQPa2c+lBz0gjYs+tMf/Jg/6P04=	\N	f	f	t	2025-09-26 10:19:42.762673+00	Тест	Пользователь_469	testuser_469	testuser_469@example.com	\N	\N	\N	\N	\N	\N	\N
470	pbkdf2_sha256$1000000$aFe6bVNUWwJ8FKUdA0DPJt$0xhp0E9/MAiwGAOnKZLCRmRk9c6S40D0DF5KChmDqd8=	\N	f	f	t	2025-09-26 10:19:43.596256+00	Тест	Пользователь_470	testuser_470	testuser_470@example.com	\N	\N	\N	\N	\N	\N	\N
471	pbkdf2_sha256$1000000$3IQFN2KTBB5sjy0YFs2jsz$rntSCcNFsaQFlpd4kTctSgWuRG+f6xWWsvAhuqfLF3E=	\N	f	f	t	2025-09-26 10:19:44.448347+00	Тест	Пользователь_471	testuser_471	testuser_471@example.com	\N	\N	\N	\N	\N	\N	\N
472	pbkdf2_sha256$1000000$zy0qvniGL2VTKOTy6DscFW$WSkRR+V3rTlk0SJNZ/ANdr9IRWDfNmrNajneR1qSwkc=	\N	f	f	t	2025-09-26 10:19:45.425141+00	Тест	Пользователь_472	testuser_472	testuser_472@example.com	\N	\N	\N	\N	\N	\N	\N
473	pbkdf2_sha256$1000000$0gzJFPe1uwCyPM7YKAlf0Q$x2ZkwzB2ymnrtq3wg1/mtULTB2yxARjxynmxDC1C8No=	\N	f	f	t	2025-09-26 10:19:46.278453+00	Тест	Пользователь_473	testuser_473	testuser_473@example.com	\N	\N	\N	\N	\N	\N	\N
474	pbkdf2_sha256$1000000$6AJdlOxR0r9INJlsdQihBy$nGnALiNzVkNrVGQ38lW3abEygAtZs7e+FyBeIjrr9A0=	\N	f	f	t	2025-09-26 10:19:47.158319+00	Тест	Пользователь_474	testuser_474	testuser_474@example.com	\N	\N	\N	\N	\N	\N	\N
475	pbkdf2_sha256$1000000$e17xPb3xOeJBCVPtEceE1C$fy9zwNuE/uBEhXvz5gO2Jt1l5Y7QDwfjHPFNTZK9jK4=	\N	f	f	t	2025-09-26 10:19:48.046061+00	Тест	Пользователь_475	testuser_475	testuser_475@example.com	\N	\N	\N	\N	\N	\N	\N
476	pbkdf2_sha256$1000000$Rmyk7XrMmnpGZxYV8WrePd$Y8HEaArLx0Y5i1wMvLHVafn78cGTtWrcnUZyn1WbNIw=	\N	f	f	t	2025-09-26 10:19:48.96742+00	Тест	Пользователь_476	testuser_476	testuser_476@example.com	\N	\N	\N	\N	\N	\N	\N
477	pbkdf2_sha256$1000000$TQXnaqzje2zZzuzgMiZGeO$wnFTq+UucdeUA0keh16m6pn7NXF0/TG/onn+r4JPi4c=	\N	f	f	t	2025-09-26 10:19:49.989847+00	Тест	Пользователь_477	testuser_477	testuser_477@example.com	\N	\N	\N	\N	\N	\N	\N
478	pbkdf2_sha256$1000000$xuwgzYz0aJ0REvmK2mSKtA$6bw/6haaL9lltnXo3BSMYlRsrlUraEkoYdgIdczyk6Q=	\N	f	f	t	2025-09-26 10:19:50.907873+00	Тест	Пользователь_478	testuser_478	testuser_478@example.com	\N	\N	\N	\N	\N	\N	\N
479	pbkdf2_sha256$1000000$ig6oVOwaAO6AImzzHkLltx$I1QL7TBg8CuWGHVgK0PyEdKKYIwbIDSdoVvhey/GpkU=	\N	f	f	t	2025-09-26 10:19:51.799154+00	Тест	Пользователь_479	testuser_479	testuser_479@example.com	\N	\N	\N	\N	\N	\N	\N
480	pbkdf2_sha256$1000000$BHolfrHUYVOTeQR5N3URsE$0V33HYh1uD6SXhL04Kxk/xj+7VNzthv8GESAB7eXkS0=	\N	f	f	t	2025-09-26 10:19:52.620328+00	Тест	Пользователь_480	testuser_480	testuser_480@example.com	\N	\N	\N	\N	\N	\N	\N
481	pbkdf2_sha256$1000000$zTrwiUCWoz1ImJHO40qokR$fFXpldQypwOn3HrBxoWw7GsrLoPI+h8OFdomp3lnS3w=	\N	f	f	t	2025-09-26 10:19:53.496471+00	Тест	Пользователь_481	testuser_481	testuser_481@example.com	\N	\N	\N	\N	\N	\N	\N
482	pbkdf2_sha256$1000000$4b1XLPHZ7csPwsQ7U2GDVl$zHI0YaMuXJkXMmeXsKcp9bbj5Q0DeZqXa8W1PtaGbM8=	\N	f	f	t	2025-09-26 10:19:54.337249+00	Тест	Пользователь_482	testuser_482	testuser_482@example.com	\N	\N	\N	\N	\N	\N	\N
483	pbkdf2_sha256$1000000$C8OjKzIJoxxPLjnaMw361b$NMP+ZwoAsCMriWTgQkjLmFzSnjE5aPoH/sxRnCZRgpY=	\N	f	f	t	2025-09-26 10:19:55.191948+00	Тест	Пользователь_483	testuser_483	testuser_483@example.com	\N	\N	\N	\N	\N	\N	\N
484	pbkdf2_sha256$1000000$0pc5c7QN2G3JrjlgKWAn5v$TwcJpegL981nxszGN/90fmDadnVS7EJpKQkVqnWwaYs=	\N	f	f	t	2025-09-26 10:19:56.22487+00	Тест	Пользователь_484	testuser_484	testuser_484@example.com	\N	\N	\N	\N	\N	\N	\N
485	pbkdf2_sha256$1000000$WDlk0pMPfYnc2BMTlTKDyI$6lS/0vBqshLEAgNF9D+11cpqO1eXD/0KwRNr/1gyqz4=	\N	f	f	t	2025-09-26 10:19:57.084208+00	Тест	Пользователь_485	testuser_485	testuser_485@example.com	\N	\N	\N	\N	\N	\N	\N
486	pbkdf2_sha256$1000000$f5S22fjcx5k76BydkN4kb8$83mYKoaQL/jAsFagDlGNkqu5WIWyrrYiyw8hmMuUA7s=	\N	f	f	t	2025-09-26 10:19:58.009327+00	Тест	Пользователь_486	testuser_486	testuser_486@example.com	\N	\N	\N	\N	\N	\N	\N
487	pbkdf2_sha256$1000000$YEOGNnSfr44OoZUolJ37mF$jBstjGVY53Z03X4nT3WxGZjxV6+bbBioiWMCMvXt6lc=	\N	f	f	t	2025-09-26 10:19:58.930074+00	Тест	Пользователь_487	testuser_487	testuser_487@example.com	\N	\N	\N	\N	\N	\N	\N
488	pbkdf2_sha256$1000000$7mbwvdr8KkXqCSj6lV1MtF$nmNH099Uyn4gZZAvu67GcQx55BCSXf9FXsMekdGxMb4=	\N	f	f	t	2025-09-26 10:19:59.831324+00	Тест	Пользователь_488	testuser_488	testuser_488@example.com	\N	\N	\N	\N	\N	\N	\N
489	pbkdf2_sha256$1000000$D6qyfXLxMFBAdgPJitMioW$R+M43QHRF+6s0gOsaxYp4T8SVuPU2wLLUs/Di11WV8o=	\N	f	f	t	2025-09-26 10:20:00.722326+00	Тест	Пользователь_489	testuser_489	testuser_489@example.com	\N	\N	\N	\N	\N	\N	\N
490	pbkdf2_sha256$1000000$nP1ynWqlLSTO2vx758rp2f$f8fn7J7UhC0xmODVkRIznjcq81eiDM3FEq7+xTZ85Dk=	\N	f	f	t	2025-09-26 10:20:01.589575+00	Тест	Пользователь_490	testuser_490	testuser_490@example.com	\N	\N	\N	\N	\N	\N	\N
491	pbkdf2_sha256$1000000$thAD6plbPUvoraqsbAAsbE$rrGUB/7MqstAh2pDn7EQlagtnIG8sicIEJoJbWGgKRo=	\N	f	f	t	2025-09-26 10:20:02.459603+00	Тест	Пользователь_491	testuser_491	testuser_491@example.com	\N	\N	\N	\N	\N	\N	\N
492	pbkdf2_sha256$1000000$PSrZTBhc2QmWahQ7xQ7tVE$RcXnQGs0iBhHEjV1604hWACahQ2aYanJlfOt8silrYU=	\N	f	f	t	2025-09-26 10:20:03.326882+00	Тест	Пользователь_492	testuser_492	testuser_492@example.com	\N	\N	\N	\N	\N	\N	\N
493	pbkdf2_sha256$1000000$oPT8Q9cEZdOvx0qkOVafeC$Aeg+HSDt/Y9KyUxkgyWjVB1W9w5otbBMuu8yOaR5tJE=	\N	f	f	t	2025-09-26 10:20:04.179266+00	Тест	Пользователь_493	testuser_493	testuser_493@example.com	\N	\N	\N	\N	\N	\N	\N
494	pbkdf2_sha256$1000000$vdENMivo3Em9RCdCzN1dO6$pcUjeayq8v2oN/CUr3ZemvTMsTJPgWKx0oB2Hmr0DFw=	\N	f	f	t	2025-09-26 10:20:05.051753+00	Тест	Пользователь_494	testuser_494	testuser_494@example.com	\N	\N	\N	\N	\N	\N	\N
495	pbkdf2_sha256$1000000$zcyV4eMhnwGwZnYqe1tCFB$/2MiCRU7S3N3zVb6tf/UNmqUhWNSJKfbpiYVz6RLNbc=	\N	f	f	t	2025-09-26 10:20:05.926787+00	Тест	Пользователь_495	testuser_495	testuser_495@example.com	\N	\N	\N	\N	\N	\N	\N
496	pbkdf2_sha256$1000000$UhXMMobnUAO1LmpESyFgfK$OQVsnH2XBzrXtRuE4d52tZqYaEbhMCQpFSikImKVqw8=	\N	f	f	t	2025-09-26 10:20:06.828673+00	Тест	Пользователь_496	testuser_496	testuser_496@example.com	\N	\N	\N	\N	\N	\N	\N
497	pbkdf2_sha256$1000000$rXUEDjIgfWnA9xk1LDEZy3$e+GeSa42BnmYC74+5OA+sBu9tD4gyFOqfTL92xR4/Zk=	\N	f	f	t	2025-09-26 10:20:07.738891+00	Тест	Пользователь_497	testuser_497	testuser_497@example.com	\N	\N	\N	\N	\N	\N	\N
498	pbkdf2_sha256$1000000$srmHn6peTWkiVlwodozEYp$rmn45ErFeLPl+nPSnjM9ng6w8PDpJcraLG+6agmZITE=	\N	f	f	t	2025-09-26 10:20:08.5863+00	Тест	Пользователь_498	testuser_498	testuser_498@example.com	\N	\N	\N	\N	\N	\N	\N
499	pbkdf2_sha256$1000000$Ggnf1S5ZomNm3vW42wFRZW$VSFXX0ZBjrNOpqd6835XOMD1d9rftNcn3uq9HE1uXDQ=	\N	f	f	t	2025-09-26 10:20:09.497038+00	Тест	Пользователь_499	testuser_499	testuser_499@example.com	\N	\N	\N	\N	\N	\N	\N
500	pbkdf2_sha256$1000000$KaAIE3BP32QdelvWLvyKq9$8datTyDMdS+ElySlwUcNa4uvP72racEbwGHpXxq2Vfk=	\N	f	f	t	2025-09-26 10:20:10.342338+00	Тест	Пользователь_500	testuser_500	testuser_500@example.com	\N	\N	\N	\N	\N	\N	\N
501	pbkdf2_sha256$1000000$YhllAK81bGMTj7duipCM7a$J+COzVSEF+id/7MVn6FWOzGdvj2HLWZv2ORczV3+u6k=	\N	f	f	t	2025-09-26 10:20:11.253888+00	Тест	Пользователь_501	testuser_501	testuser_501@example.com	\N	\N	\N	\N	\N	\N	\N
502	pbkdf2_sha256$1000000$AjNVVJVHYbnvmEXdo3zboB$GcETZ8kr4iyN9phCl1nny6lDvpbUNq2pxLplApZPG1Q=	2025-09-26 11:33:05.395889+00	f	f	t	2025-09-26 11:33:04.440651+00			user1	sasha78422@gmail.com			\N			\N	\N
503	pbkdf2_sha256$1000000$SPawxCeOQYg6KVCZGm8KvU$MK/a2Glvcb1vgwtap3xcjKWDY00dvYd+oyTwjysiToU=	2025-09-26 11:33:38.142839+00	f	f	t	2025-09-26 11:33:37.208342+00			user2	sashavipro@gmail.com			\N			\N	\N
1	pbkdf2_sha256$1000000$Dfv6f2tQRYaASVQph82f4D$df2yWKUFHbV9z+OE4PwxrmYP1jdM2a2xEzge5wI96jo=	2025-09-29 13:18:04.349502+00	t	t	t	2025-09-25 12:07:17.045544+00	admin	admin	admin	admin@admin.com	admin	+380145615	2025-09-01	4353453	kiev	male	ru
\.


--
-- Data for Name: users_customuser_groups; Type: TABLE DATA; Schema: public; Owner: admin
--

COPY public.users_customuser_groups (id, customuser_id, group_id) FROM stdin;
\.


--
-- Data for Name: users_customuser_user_permissions; Type: TABLE DATA; Schema: public; Owner: admin
--

COPY public.users_customuser_user_permissions (id, customuser_id, permission_id) FROM stdin;
\.


--
-- Name: auth_group_id_seq; Type: SEQUENCE SET; Schema: public; Owner: admin
--

SELECT pg_catalog.setval('public.auth_group_id_seq', 1, false);


--
-- Name: auth_group_permissions_id_seq; Type: SEQUENCE SET; Schema: public; Owner: admin
--

SELECT pg_catalog.setval('public.auth_group_permissions_id_seq', 1, false);


--
-- Name: auth_permission_id_seq; Type: SEQUENCE SET; Schema: public; Owner: admin
--

SELECT pg_catalog.setval('public.auth_permission_id_seq', 108, true);


--
-- Name: banner_banners_id_seq; Type: SEQUENCE SET; Schema: public; Owner: admin
--

SELECT pg_catalog.setval('public.banner_banners_id_seq', 5, true);


--
-- Name: cinema_cinema_id_seq; Type: SEQUENCE SET; Schema: public; Owner: admin
--

SELECT pg_catalog.setval('public.cinema_cinema_id_seq', 9, true);


--
-- Name: cinema_film_id_seq; Type: SEQUENCE SET; Schema: public; Owner: admin
--

SELECT pg_catalog.setval('public.cinema_film_id_seq', 4, true);


--
-- Name: cinema_hall_id_seq; Type: SEQUENCE SET; Schema: public; Owner: admin
--

SELECT pg_catalog.setval('public.cinema_hall_id_seq', 5, true);


--
-- Name: cinema_moviesession_id_seq; Type: SEQUENCE SET; Schema: public; Owner: admin
--

SELECT pg_catalog.setval('public.cinema_moviesession_id_seq', 63, true);


--
-- Name: cinema_ticket_id_seq; Type: SEQUENCE SET; Schema: public; Owner: admin
--

SELECT pg_catalog.setval('public.cinema_ticket_id_seq', 10, true);


--
-- Name: core_gallery_id_seq; Type: SEQUENCE SET; Schema: public; Owner: admin
--

SELECT pg_catalog.setval('public.core_gallery_id_seq', 17, true);


--
-- Name: core_image_id_seq; Type: SEQUENCE SET; Schema: public; Owner: admin
--

SELECT pg_catalog.setval('public.core_image_id_seq', 28, true);


--
-- Name: core_mailingcampaign_id_seq; Type: SEQUENCE SET; Schema: public; Owner: admin
--

SELECT pg_catalog.setval('public.core_mailingcampaign_id_seq', 9, true);


--
-- Name: core_mailingcampaign_templates_id_seq; Type: SEQUENCE SET; Schema: public; Owner: admin
--

SELECT pg_catalog.setval('public.core_mailingcampaign_templates_id_seq', 9, true);


--
-- Name: core_mailingtemplate_id_seq; Type: SEQUENCE SET; Schema: public; Owner: admin
--

SELECT pg_catalog.setval('public.core_mailingtemplate_id_seq', 2, true);


--
-- Name: core_seoblock_id_seq; Type: SEQUENCE SET; Schema: public; Owner: admin
--

SELECT pg_catalog.setval('public.core_seoblock_id_seq', 18, true);


--
-- Name: django_admin_log_id_seq; Type: SEQUENCE SET; Schema: public; Owner: admin
--

SELECT pg_catalog.setval('public.django_admin_log_id_seq', 1, false);


--
-- Name: django_celery_results_chordcounter_id_seq; Type: SEQUENCE SET; Schema: public; Owner: admin
--

SELECT pg_catalog.setval('public.django_celery_results_chordcounter_id_seq', 1, false);


--
-- Name: django_celery_results_groupresult_id_seq; Type: SEQUENCE SET; Schema: public; Owner: admin
--

SELECT pg_catalog.setval('public.django_celery_results_groupresult_id_seq', 1, false);


--
-- Name: django_celery_results_taskresult_id_seq; Type: SEQUENCE SET; Schema: public; Owner: admin
--

SELECT pg_catalog.setval('public.django_celery_results_taskresult_id_seq', 9, true);


--
-- Name: django_content_type_id_seq; Type: SEQUENCE SET; Schema: public; Owner: admin
--

SELECT pg_catalog.setval('public.django_content_type_id_seq', 27, true);


--
-- Name: django_migrations_id_seq; Type: SEQUENCE SET; Schema: public; Owner: admin
--

SELECT pg_catalog.setval('public.django_migrations_id_seq', 27, true);


--
-- Name: page_contact_id_seq; Type: SEQUENCE SET; Schema: public; Owner: admin
--

SELECT pg_catalog.setval('public.page_contact_id_seq', 1, true);


--
-- Name: page_mainpage_id_seq; Type: SEQUENCE SET; Schema: public; Owner: admin
--

SELECT pg_catalog.setval('public.page_mainpage_id_seq', 1, true);


--
-- Name: page_newspromotionpage_id_seq; Type: SEQUENCE SET; Schema: public; Owner: admin
--

SELECT pg_catalog.setval('public.page_newspromotionpage_id_seq', 3, true);


--
-- Name: page_otherpage_id_seq; Type: SEQUENCE SET; Schema: public; Owner: admin
--

SELECT pg_catalog.setval('public.page_otherpage_id_seq', 1, true);


--
-- Name: users_customuser_groups_id_seq; Type: SEQUENCE SET; Schema: public; Owner: admin
--

SELECT pg_catalog.setval('public.users_customuser_groups_id_seq', 1, false);


--
-- Name: users_customuser_id_seq; Type: SEQUENCE SET; Schema: public; Owner: admin
--

SELECT pg_catalog.setval('public.users_customuser_id_seq', 503, true);


--
-- Name: users_customuser_user_permissions_id_seq; Type: SEQUENCE SET; Schema: public; Owner: admin
--

SELECT pg_catalog.setval('public.users_customuser_user_permissions_id_seq', 1, false);


--
-- Name: auth_group auth_group_name_key; Type: CONSTRAINT; Schema: public; Owner: admin
--

ALTER TABLE ONLY public.auth_group
    ADD CONSTRAINT auth_group_name_key UNIQUE (name);


--
-- Name: auth_group_permissions auth_group_permissions_group_id_permission_id_0cd325b0_uniq; Type: CONSTRAINT; Schema: public; Owner: admin
--

ALTER TABLE ONLY public.auth_group_permissions
    ADD CONSTRAINT auth_group_permissions_group_id_permission_id_0cd325b0_uniq UNIQUE (group_id, permission_id);


--
-- Name: auth_group_permissions auth_group_permissions_pkey; Type: CONSTRAINT; Schema: public; Owner: admin
--

ALTER TABLE ONLY public.auth_group_permissions
    ADD CONSTRAINT auth_group_permissions_pkey PRIMARY KEY (id);


--
-- Name: auth_group auth_group_pkey; Type: CONSTRAINT; Schema: public; Owner: admin
--

ALTER TABLE ONLY public.auth_group
    ADD CONSTRAINT auth_group_pkey PRIMARY KEY (id);


--
-- Name: auth_permission auth_permission_content_type_id_codename_01ab375a_uniq; Type: CONSTRAINT; Schema: public; Owner: admin
--

ALTER TABLE ONLY public.auth_permission
    ADD CONSTRAINT auth_permission_content_type_id_codename_01ab375a_uniq UNIQUE (content_type_id, codename);


--
-- Name: auth_permission auth_permission_pkey; Type: CONSTRAINT; Schema: public; Owner: admin
--

ALTER TABLE ONLY public.auth_permission
    ADD CONSTRAINT auth_permission_pkey PRIMARY KEY (id);


--
-- Name: banner_backgroundbanner banner_backgroundbanner_pkey; Type: CONSTRAINT; Schema: public; Owner: admin
--

ALTER TABLE ONLY public.banner_backgroundbanner
    ADD CONSTRAINT banner_backgroundbanner_pkey PRIMARY KEY (banners_ptr_id);


--
-- Name: banner_banners banner_banners_pkey; Type: CONSTRAINT; Schema: public; Owner: admin
--

ALTER TABLE ONLY public.banner_banners
    ADD CONSTRAINT banner_banners_pkey PRIMARY KEY (id);


--
-- Name: banner_homebanner banner_homebanner_pkey; Type: CONSTRAINT; Schema: public; Owner: admin
--

ALTER TABLE ONLY public.banner_homebanner
    ADD CONSTRAINT banner_homebanner_pkey PRIMARY KEY (banners_ptr_id);


--
-- Name: banner_homenewssharesbanner banner_homenewssharesbanner_pkey; Type: CONSTRAINT; Schema: public; Owner: admin
--

ALTER TABLE ONLY public.banner_homenewssharesbanner
    ADD CONSTRAINT banner_homenewssharesbanner_pkey PRIMARY KEY (banners_ptr_id);


--
-- Name: cinema_cinema cinema_cinema_gallery_id_key; Type: CONSTRAINT; Schema: public; Owner: admin
--

ALTER TABLE ONLY public.cinema_cinema
    ADD CONSTRAINT cinema_cinema_gallery_id_key UNIQUE (gallery_id);


--
-- Name: cinema_cinema cinema_cinema_name_en_key; Type: CONSTRAINT; Schema: public; Owner: admin
--

ALTER TABLE ONLY public.cinema_cinema
    ADD CONSTRAINT cinema_cinema_name_en_key UNIQUE (name_en);


--
-- Name: cinema_cinema cinema_cinema_name_key; Type: CONSTRAINT; Schema: public; Owner: admin
--

ALTER TABLE ONLY public.cinema_cinema
    ADD CONSTRAINT cinema_cinema_name_key UNIQUE (name);


--
-- Name: cinema_cinema cinema_cinema_name_ru_key; Type: CONSTRAINT; Schema: public; Owner: admin
--

ALTER TABLE ONLY public.cinema_cinema
    ADD CONSTRAINT cinema_cinema_name_ru_key UNIQUE (name_ru);


--
-- Name: cinema_cinema cinema_cinema_pkey; Type: CONSTRAINT; Schema: public; Owner: admin
--

ALTER TABLE ONLY public.cinema_cinema
    ADD CONSTRAINT cinema_cinema_pkey PRIMARY KEY (id);


--
-- Name: cinema_film cinema_film_gallery_id_key; Type: CONSTRAINT; Schema: public; Owner: admin
--

ALTER TABLE ONLY public.cinema_film
    ADD CONSTRAINT cinema_film_gallery_id_key UNIQUE (gallery_id);


--
-- Name: cinema_film cinema_film_pkey; Type: CONSTRAINT; Schema: public; Owner: admin
--

ALTER TABLE ONLY public.cinema_film
    ADD CONSTRAINT cinema_film_pkey PRIMARY KEY (id);


--
-- Name: cinema_hall cinema_hall_gallery_id_key; Type: CONSTRAINT; Schema: public; Owner: admin
--

ALTER TABLE ONLY public.cinema_hall
    ADD CONSTRAINT cinema_hall_gallery_id_key UNIQUE (gallery_id);


--
-- Name: cinema_hall cinema_hall_pkey; Type: CONSTRAINT; Schema: public; Owner: admin
--

ALTER TABLE ONLY public.cinema_hall
    ADD CONSTRAINT cinema_hall_pkey PRIMARY KEY (id);


--
-- Name: cinema_moviesession cinema_moviesession_pkey; Type: CONSTRAINT; Schema: public; Owner: admin
--

ALTER TABLE ONLY public.cinema_moviesession
    ADD CONSTRAINT cinema_moviesession_pkey PRIMARY KEY (id);


--
-- Name: cinema_ticket cinema_ticket_pkey; Type: CONSTRAINT; Schema: public; Owner: admin
--

ALTER TABLE ONLY public.cinema_ticket
    ADD CONSTRAINT cinema_ticket_pkey PRIMARY KEY (id);


--
-- Name: cinema_ticket cinema_ticket_session_id_row_seat_f6a6ffcb_uniq; Type: CONSTRAINT; Schema: public; Owner: admin
--

ALTER TABLE ONLY public.cinema_ticket
    ADD CONSTRAINT cinema_ticket_session_id_row_seat_f6a6ffcb_uniq UNIQUE (session_id, "row", seat);


--
-- Name: core_gallery core_gallery_pkey; Type: CONSTRAINT; Schema: public; Owner: admin
--

ALTER TABLE ONLY public.core_gallery
    ADD CONSTRAINT core_gallery_pkey PRIMARY KEY (id);


--
-- Name: core_image core_image_pkey; Type: CONSTRAINT; Schema: public; Owner: admin
--

ALTER TABLE ONLY public.core_image
    ADD CONSTRAINT core_image_pkey PRIMARY KEY (id);


--
-- Name: core_mailingcampaign core_mailingcampaign_pkey; Type: CONSTRAINT; Schema: public; Owner: admin
--

ALTER TABLE ONLY public.core_mailingcampaign
    ADD CONSTRAINT core_mailingcampaign_pkey PRIMARY KEY (id);


--
-- Name: core_mailingcampaign_templates core_mailingcampaign_tem_mailingcampaign_id_maili_4d2743dd_uniq; Type: CONSTRAINT; Schema: public; Owner: admin
--

ALTER TABLE ONLY public.core_mailingcampaign_templates
    ADD CONSTRAINT core_mailingcampaign_tem_mailingcampaign_id_maili_4d2743dd_uniq UNIQUE (mailingcampaign_id, mailingtemplate_id);


--
-- Name: core_mailingcampaign_templates core_mailingcampaign_templates_pkey; Type: CONSTRAINT; Schema: public; Owner: admin
--

ALTER TABLE ONLY public.core_mailingcampaign_templates
    ADD CONSTRAINT core_mailingcampaign_templates_pkey PRIMARY KEY (id);


--
-- Name: core_mailingtemplate core_mailingtemplate_pkey; Type: CONSTRAINT; Schema: public; Owner: admin
--

ALTER TABLE ONLY public.core_mailingtemplate
    ADD CONSTRAINT core_mailingtemplate_pkey PRIMARY KEY (id);


--
-- Name: core_seoblock core_seoblock_pkey; Type: CONSTRAINT; Schema: public; Owner: admin
--

ALTER TABLE ONLY public.core_seoblock
    ADD CONSTRAINT core_seoblock_pkey PRIMARY KEY (id);


--
-- Name: core_seoblock core_seoblock_slug_key; Type: CONSTRAINT; Schema: public; Owner: admin
--

ALTER TABLE ONLY public.core_seoblock
    ADD CONSTRAINT core_seoblock_slug_key UNIQUE (slug);


--
-- Name: django_admin_log django_admin_log_pkey; Type: CONSTRAINT; Schema: public; Owner: admin
--

ALTER TABLE ONLY public.django_admin_log
    ADD CONSTRAINT django_admin_log_pkey PRIMARY KEY (id);


--
-- Name: django_celery_results_chordcounter django_celery_results_chordcounter_group_id_key; Type: CONSTRAINT; Schema: public; Owner: admin
--

ALTER TABLE ONLY public.django_celery_results_chordcounter
    ADD CONSTRAINT django_celery_results_chordcounter_group_id_key UNIQUE (group_id);


--
-- Name: django_celery_results_chordcounter django_celery_results_chordcounter_pkey; Type: CONSTRAINT; Schema: public; Owner: admin
--

ALTER TABLE ONLY public.django_celery_results_chordcounter
    ADD CONSTRAINT django_celery_results_chordcounter_pkey PRIMARY KEY (id);


--
-- Name: django_celery_results_groupresult django_celery_results_groupresult_group_id_key; Type: CONSTRAINT; Schema: public; Owner: admin
--

ALTER TABLE ONLY public.django_celery_results_groupresult
    ADD CONSTRAINT django_celery_results_groupresult_group_id_key UNIQUE (group_id);


--
-- Name: django_celery_results_groupresult django_celery_results_groupresult_pkey; Type: CONSTRAINT; Schema: public; Owner: admin
--

ALTER TABLE ONLY public.django_celery_results_groupresult
    ADD CONSTRAINT django_celery_results_groupresult_pkey PRIMARY KEY (id);


--
-- Name: django_celery_results_taskresult django_celery_results_taskresult_pkey; Type: CONSTRAINT; Schema: public; Owner: admin
--

ALTER TABLE ONLY public.django_celery_results_taskresult
    ADD CONSTRAINT django_celery_results_taskresult_pkey PRIMARY KEY (id);


--
-- Name: django_celery_results_taskresult django_celery_results_taskresult_task_id_key; Type: CONSTRAINT; Schema: public; Owner: admin
--

ALTER TABLE ONLY public.django_celery_results_taskresult
    ADD CONSTRAINT django_celery_results_taskresult_task_id_key UNIQUE (task_id);


--
-- Name: django_content_type django_content_type_app_label_model_76bd3d3b_uniq; Type: CONSTRAINT; Schema: public; Owner: admin
--

ALTER TABLE ONLY public.django_content_type
    ADD CONSTRAINT django_content_type_app_label_model_76bd3d3b_uniq UNIQUE (app_label, model);


--
-- Name: django_content_type django_content_type_pkey; Type: CONSTRAINT; Schema: public; Owner: admin
--

ALTER TABLE ONLY public.django_content_type
    ADD CONSTRAINT django_content_type_pkey PRIMARY KEY (id);


--
-- Name: django_migrations django_migrations_pkey; Type: CONSTRAINT; Schema: public; Owner: admin
--

ALTER TABLE ONLY public.django_migrations
    ADD CONSTRAINT django_migrations_pkey PRIMARY KEY (id);


--
-- Name: django_session django_session_pkey; Type: CONSTRAINT; Schema: public; Owner: admin
--

ALTER TABLE ONLY public.django_session
    ADD CONSTRAINT django_session_pkey PRIMARY KEY (session_key);


--
-- Name: page_contact page_contact_pkey; Type: CONSTRAINT; Schema: public; Owner: admin
--

ALTER TABLE ONLY public.page_contact
    ADD CONSTRAINT page_contact_pkey PRIMARY KEY (id);


--
-- Name: page_mainpage page_mainpage_pkey; Type: CONSTRAINT; Schema: public; Owner: admin
--

ALTER TABLE ONLY public.page_mainpage
    ADD CONSTRAINT page_mainpage_pkey PRIMARY KEY (id);


--
-- Name: page_newspromotionpage page_newspromotionpage_gallery_banner_id_key; Type: CONSTRAINT; Schema: public; Owner: admin
--

ALTER TABLE ONLY public.page_newspromotionpage
    ADD CONSTRAINT page_newspromotionpage_gallery_banner_id_key UNIQUE (gallery_banner_id);


--
-- Name: page_newspromotionpage page_newspromotionpage_name_en_key; Type: CONSTRAINT; Schema: public; Owner: admin
--

ALTER TABLE ONLY public.page_newspromotionpage
    ADD CONSTRAINT page_newspromotionpage_name_en_key UNIQUE (name_en);


--
-- Name: page_newspromotionpage page_newspromotionpage_name_key; Type: CONSTRAINT; Schema: public; Owner: admin
--

ALTER TABLE ONLY public.page_newspromotionpage
    ADD CONSTRAINT page_newspromotionpage_name_key UNIQUE (name);


--
-- Name: page_newspromotionpage page_newspromotionpage_name_ru_key; Type: CONSTRAINT; Schema: public; Owner: admin
--

ALTER TABLE ONLY public.page_newspromotionpage
    ADD CONSTRAINT page_newspromotionpage_name_ru_key UNIQUE (name_ru);


--
-- Name: page_newspromotionpage page_newspromotionpage_pkey; Type: CONSTRAINT; Schema: public; Owner: admin
--

ALTER TABLE ONLY public.page_newspromotionpage
    ADD CONSTRAINT page_newspromotionpage_pkey PRIMARY KEY (id);


--
-- Name: page_otherpage page_otherpage_gallery_id_key; Type: CONSTRAINT; Schema: public; Owner: admin
--

ALTER TABLE ONLY public.page_otherpage
    ADD CONSTRAINT page_otherpage_gallery_id_key UNIQUE (gallery_id);


--
-- Name: page_otherpage page_otherpage_name_key; Type: CONSTRAINT; Schema: public; Owner: admin
--

ALTER TABLE ONLY public.page_otherpage
    ADD CONSTRAINT page_otherpage_name_key UNIQUE (name);


--
-- Name: page_otherpage page_otherpage_pkey; Type: CONSTRAINT; Schema: public; Owner: admin
--

ALTER TABLE ONLY public.page_otherpage
    ADD CONSTRAINT page_otherpage_pkey PRIMARY KEY (id);


--
-- Name: users_customuser users_customuser_email_key; Type: CONSTRAINT; Schema: public; Owner: admin
--

ALTER TABLE ONLY public.users_customuser
    ADD CONSTRAINT users_customuser_email_key UNIQUE (email);


--
-- Name: users_customuser_groups users_customuser_groups_customuser_id_group_id_76b619e3_uniq; Type: CONSTRAINT; Schema: public; Owner: admin
--

ALTER TABLE ONLY public.users_customuser_groups
    ADD CONSTRAINT users_customuser_groups_customuser_id_group_id_76b619e3_uniq UNIQUE (customuser_id, group_id);


--
-- Name: users_customuser_groups users_customuser_groups_pkey; Type: CONSTRAINT; Schema: public; Owner: admin
--

ALTER TABLE ONLY public.users_customuser_groups
    ADD CONSTRAINT users_customuser_groups_pkey PRIMARY KEY (id);


--
-- Name: users_customuser users_customuser_pkey; Type: CONSTRAINT; Schema: public; Owner: admin
--

ALTER TABLE ONLY public.users_customuser
    ADD CONSTRAINT users_customuser_pkey PRIMARY KEY (id);


--
-- Name: users_customuser_user_permissions users_customuser_user_pe_customuser_id_permission_7a7debf6_uniq; Type: CONSTRAINT; Schema: public; Owner: admin
--

ALTER TABLE ONLY public.users_customuser_user_permissions
    ADD CONSTRAINT users_customuser_user_pe_customuser_id_permission_7a7debf6_uniq UNIQUE (customuser_id, permission_id);


--
-- Name: users_customuser_user_permissions users_customuser_user_permissions_pkey; Type: CONSTRAINT; Schema: public; Owner: admin
--

ALTER TABLE ONLY public.users_customuser_user_permissions
    ADD CONSTRAINT users_customuser_user_permissions_pkey PRIMARY KEY (id);


--
-- Name: users_customuser users_customuser_username_key; Type: CONSTRAINT; Schema: public; Owner: admin
--

ALTER TABLE ONLY public.users_customuser
    ADD CONSTRAINT users_customuser_username_key UNIQUE (username);


--
-- Name: auth_group_name_a6ea08ec_like; Type: INDEX; Schema: public; Owner: admin
--

CREATE INDEX auth_group_name_a6ea08ec_like ON public.auth_group USING btree (name varchar_pattern_ops);


--
-- Name: auth_group_permissions_group_id_b120cbf9; Type: INDEX; Schema: public; Owner: admin
--

CREATE INDEX auth_group_permissions_group_id_b120cbf9 ON public.auth_group_permissions USING btree (group_id);


--
-- Name: auth_group_permissions_permission_id_84c5c92e; Type: INDEX; Schema: public; Owner: admin
--

CREATE INDEX auth_group_permissions_permission_id_84c5c92e ON public.auth_group_permissions USING btree (permission_id);


--
-- Name: auth_permission_content_type_id_2f476e4b; Type: INDEX; Schema: public; Owner: admin
--

CREATE INDEX auth_permission_content_type_id_2f476e4b ON public.auth_permission USING btree (content_type_id);


--
-- Name: banner_homebanner_image_id_3a7736b5; Type: INDEX; Schema: public; Owner: admin
--

CREATE INDEX banner_homebanner_image_id_3a7736b5 ON public.banner_homebanner USING btree (image_id);


--
-- Name: banner_homenewssharesbanner_image_id_1d129588; Type: INDEX; Schema: public; Owner: admin
--

CREATE INDEX banner_homenewssharesbanner_image_id_1d129588 ON public.banner_homenewssharesbanner USING btree (image_id);


--
-- Name: cinema_cinema_name_81da59ca_like; Type: INDEX; Schema: public; Owner: admin
--

CREATE INDEX cinema_cinema_name_81da59ca_like ON public.cinema_cinema USING btree (name varchar_pattern_ops);


--
-- Name: cinema_cinema_name_en_8e0bbcd2_like; Type: INDEX; Schema: public; Owner: admin
--

CREATE INDEX cinema_cinema_name_en_8e0bbcd2_like ON public.cinema_cinema USING btree (name_en varchar_pattern_ops);


--
-- Name: cinema_cinema_name_ru_eec02154_like; Type: INDEX; Schema: public; Owner: admin
--

CREATE INDEX cinema_cinema_name_ru_eec02154_like ON public.cinema_cinema USING btree (name_ru varchar_pattern_ops);


--
-- Name: cinema_cinema_seo_block_id_6756c207; Type: INDEX; Schema: public; Owner: admin
--

CREATE INDEX cinema_cinema_seo_block_id_6756c207 ON public.cinema_cinema USING btree (seo_block_id);


--
-- Name: cinema_film_seo_block_id_335feaca; Type: INDEX; Schema: public; Owner: admin
--

CREATE INDEX cinema_film_seo_block_id_335feaca ON public.cinema_film USING btree (seo_block_id);


--
-- Name: cinema_hall_cinema_id_95da92d0; Type: INDEX; Schema: public; Owner: admin
--

CREATE INDEX cinema_hall_cinema_id_95da92d0 ON public.cinema_hall USING btree (cinema_id);


--
-- Name: cinema_hall_seo_block_id_5e2caa3e; Type: INDEX; Schema: public; Owner: admin
--

CREATE INDEX cinema_hall_seo_block_id_5e2caa3e ON public.cinema_hall USING btree (seo_block_id);


--
-- Name: cinema_moviesession_film_id_a6d55bf7; Type: INDEX; Schema: public; Owner: admin
--

CREATE INDEX cinema_moviesession_film_id_a6d55bf7 ON public.cinema_moviesession USING btree (film_id);


--
-- Name: cinema_moviesession_hall_id_bc9003be; Type: INDEX; Schema: public; Owner: admin
--

CREATE INDEX cinema_moviesession_hall_id_bc9003be ON public.cinema_moviesession USING btree (hall_id);


--
-- Name: cinema_ticket_session_id_f713f39b; Type: INDEX; Schema: public; Owner: admin
--

CREATE INDEX cinema_ticket_session_id_f713f39b ON public.cinema_ticket USING btree (session_id);


--
-- Name: cinema_ticket_user_id_9d20caab; Type: INDEX; Schema: public; Owner: admin
--

CREATE INDEX cinema_ticket_user_id_9d20caab ON public.cinema_ticket USING btree (user_id);


--
-- Name: core_image_gallery_id_6072abcd; Type: INDEX; Schema: public; Owner: admin
--

CREATE INDEX core_image_gallery_id_6072abcd ON public.core_image USING btree (gallery_id);


--
-- Name: core_mailingcampaign_templates_mailingcampaign_id_46756900; Type: INDEX; Schema: public; Owner: admin
--

CREATE INDEX core_mailingcampaign_templates_mailingcampaign_id_46756900 ON public.core_mailingcampaign_templates USING btree (mailingcampaign_id);


--
-- Name: core_mailingcampaign_templates_mailingtemplate_id_9ed90fb8; Type: INDEX; Schema: public; Owner: admin
--

CREATE INDEX core_mailingcampaign_templates_mailingtemplate_id_9ed90fb8 ON public.core_mailingcampaign_templates USING btree (mailingtemplate_id);


--
-- Name: core_seoblock_slug_4c9e2429_like; Type: INDEX; Schema: public; Owner: admin
--

CREATE INDEX core_seoblock_slug_4c9e2429_like ON public.core_seoblock USING btree (slug varchar_pattern_ops);


--
-- Name: django_admin_log_content_type_id_c4bce8eb; Type: INDEX; Schema: public; Owner: admin
--

CREATE INDEX django_admin_log_content_type_id_c4bce8eb ON public.django_admin_log USING btree (content_type_id);


--
-- Name: django_admin_log_user_id_c564eba6; Type: INDEX; Schema: public; Owner: admin
--

CREATE INDEX django_admin_log_user_id_c564eba6 ON public.django_admin_log USING btree (user_id);


--
-- Name: django_cele_date_cr_bd6c1d_idx; Type: INDEX; Schema: public; Owner: admin
--

CREATE INDEX django_cele_date_cr_bd6c1d_idx ON public.django_celery_results_groupresult USING btree (date_created);


--
-- Name: django_cele_date_cr_f04a50_idx; Type: INDEX; Schema: public; Owner: admin
--

CREATE INDEX django_cele_date_cr_f04a50_idx ON public.django_celery_results_taskresult USING btree (date_created);


--
-- Name: django_cele_date_do_caae0e_idx; Type: INDEX; Schema: public; Owner: admin
--

CREATE INDEX django_cele_date_do_caae0e_idx ON public.django_celery_results_groupresult USING btree (date_done);


--
-- Name: django_cele_date_do_f59aad_idx; Type: INDEX; Schema: public; Owner: admin
--

CREATE INDEX django_cele_date_do_f59aad_idx ON public.django_celery_results_taskresult USING btree (date_done);


--
-- Name: django_cele_periodi_1993cf_idx; Type: INDEX; Schema: public; Owner: admin
--

CREATE INDEX django_cele_periodi_1993cf_idx ON public.django_celery_results_taskresult USING btree (periodic_task_name);


--
-- Name: django_cele_status_9b6201_idx; Type: INDEX; Schema: public; Owner: admin
--

CREATE INDEX django_cele_status_9b6201_idx ON public.django_celery_results_taskresult USING btree (status);


--
-- Name: django_cele_task_na_08aec9_idx; Type: INDEX; Schema: public; Owner: admin
--

CREATE INDEX django_cele_task_na_08aec9_idx ON public.django_celery_results_taskresult USING btree (task_name);


--
-- Name: django_cele_worker_d54dd8_idx; Type: INDEX; Schema: public; Owner: admin
--

CREATE INDEX django_cele_worker_d54dd8_idx ON public.django_celery_results_taskresult USING btree (worker);


--
-- Name: django_celery_results_chordcounter_group_id_1f70858c_like; Type: INDEX; Schema: public; Owner: admin
--

CREATE INDEX django_celery_results_chordcounter_group_id_1f70858c_like ON public.django_celery_results_chordcounter USING btree (group_id varchar_pattern_ops);


--
-- Name: django_celery_results_groupresult_group_id_a085f1a9_like; Type: INDEX; Schema: public; Owner: admin
--

CREATE INDEX django_celery_results_groupresult_group_id_a085f1a9_like ON public.django_celery_results_groupresult USING btree (group_id varchar_pattern_ops);


--
-- Name: django_celery_results_taskresult_task_id_de0d95bf_like; Type: INDEX; Schema: public; Owner: admin
--

CREATE INDEX django_celery_results_taskresult_task_id_de0d95bf_like ON public.django_celery_results_taskresult USING btree (task_id varchar_pattern_ops);


--
-- Name: django_session_expire_date_a5c62663; Type: INDEX; Schema: public; Owner: admin
--

CREATE INDEX django_session_expire_date_a5c62663 ON public.django_session USING btree (expire_date);


--
-- Name: django_session_session_key_c0390e0f_like; Type: INDEX; Schema: public; Owner: admin
--

CREATE INDEX django_session_session_key_c0390e0f_like ON public.django_session USING btree (session_key varchar_pattern_ops);


--
-- Name: page_contact_seo_block_id_8dd36bc7; Type: INDEX; Schema: public; Owner: admin
--

CREATE INDEX page_contact_seo_block_id_8dd36bc7 ON public.page_contact USING btree (seo_block_id);


--
-- Name: page_mainpage_seo_block_id_0c0405c7; Type: INDEX; Schema: public; Owner: admin
--

CREATE INDEX page_mainpage_seo_block_id_0c0405c7 ON public.page_mainpage USING btree (seo_block_id);


--
-- Name: page_newspromotionpage_name_8e0b1735_like; Type: INDEX; Schema: public; Owner: admin
--

CREATE INDEX page_newspromotionpage_name_8e0b1735_like ON public.page_newspromotionpage USING btree (name varchar_pattern_ops);


--
-- Name: page_newspromotionpage_name_en_263a3f46_like; Type: INDEX; Schema: public; Owner: admin
--

CREATE INDEX page_newspromotionpage_name_en_263a3f46_like ON public.page_newspromotionpage USING btree (name_en varchar_pattern_ops);


--
-- Name: page_newspromotionpage_name_ru_e712b992_like; Type: INDEX; Schema: public; Owner: admin
--

CREATE INDEX page_newspromotionpage_name_ru_e712b992_like ON public.page_newspromotionpage USING btree (name_ru varchar_pattern_ops);


--
-- Name: page_newspromotionpage_seo_block_id_bb93dbc6; Type: INDEX; Schema: public; Owner: admin
--

CREATE INDEX page_newspromotionpage_seo_block_id_bb93dbc6 ON public.page_newspromotionpage USING btree (seo_block_id);


--
-- Name: page_otherpage_name_ab2d4e83_like; Type: INDEX; Schema: public; Owner: admin
--

CREATE INDEX page_otherpage_name_ab2d4e83_like ON public.page_otherpage USING btree (name varchar_pattern_ops);


--
-- Name: page_otherpage_seo_block_id_98b5f3c4; Type: INDEX; Schema: public; Owner: admin
--

CREATE INDEX page_otherpage_seo_block_id_98b5f3c4 ON public.page_otherpage USING btree (seo_block_id);


--
-- Name: users_customuser_email_6445acef_like; Type: INDEX; Schema: public; Owner: admin
--

CREATE INDEX users_customuser_email_6445acef_like ON public.users_customuser USING btree (email varchar_pattern_ops);


--
-- Name: users_customuser_groups_customuser_id_958147bf; Type: INDEX; Schema: public; Owner: admin
--

CREATE INDEX users_customuser_groups_customuser_id_958147bf ON public.users_customuser_groups USING btree (customuser_id);


--
-- Name: users_customuser_groups_group_id_01390b14; Type: INDEX; Schema: public; Owner: admin
--

CREATE INDEX users_customuser_groups_group_id_01390b14 ON public.users_customuser_groups USING btree (group_id);


--
-- Name: users_customuser_user_permissions_customuser_id_5771478b; Type: INDEX; Schema: public; Owner: admin
--

CREATE INDEX users_customuser_user_permissions_customuser_id_5771478b ON public.users_customuser_user_permissions USING btree (customuser_id);


--
-- Name: users_customuser_user_permissions_permission_id_baaa2f74; Type: INDEX; Schema: public; Owner: admin
--

CREATE INDEX users_customuser_user_permissions_permission_id_baaa2f74 ON public.users_customuser_user_permissions USING btree (permission_id);


--
-- Name: users_customuser_username_80452fdf_like; Type: INDEX; Schema: public; Owner: admin
--

CREATE INDEX users_customuser_username_80452fdf_like ON public.users_customuser USING btree (username varchar_pattern_ops);


--
-- Name: auth_group_permissions auth_group_permissio_permission_id_84c5c92e_fk_auth_perm; Type: FK CONSTRAINT; Schema: public; Owner: admin
--

ALTER TABLE ONLY public.auth_group_permissions
    ADD CONSTRAINT auth_group_permissio_permission_id_84c5c92e_fk_auth_perm FOREIGN KEY (permission_id) REFERENCES public.auth_permission(id) DEFERRABLE INITIALLY DEFERRED;


--
-- Name: auth_group_permissions auth_group_permissions_group_id_b120cbf9_fk_auth_group_id; Type: FK CONSTRAINT; Schema: public; Owner: admin
--

ALTER TABLE ONLY public.auth_group_permissions
    ADD CONSTRAINT auth_group_permissions_group_id_b120cbf9_fk_auth_group_id FOREIGN KEY (group_id) REFERENCES public.auth_group(id) DEFERRABLE INITIALLY DEFERRED;


--
-- Name: auth_permission auth_permission_content_type_id_2f476e4b_fk_django_co; Type: FK CONSTRAINT; Schema: public; Owner: admin
--

ALTER TABLE ONLY public.auth_permission
    ADD CONSTRAINT auth_permission_content_type_id_2f476e4b_fk_django_co FOREIGN KEY (content_type_id) REFERENCES public.django_content_type(id) DEFERRABLE INITIALLY DEFERRED;


--
-- Name: banner_backgroundbanner banner_backgroundban_banners_ptr_id_994139b4_fk_banner_ba; Type: FK CONSTRAINT; Schema: public; Owner: admin
--

ALTER TABLE ONLY public.banner_backgroundbanner
    ADD CONSTRAINT banner_backgroundban_banners_ptr_id_994139b4_fk_banner_ba FOREIGN KEY (banners_ptr_id) REFERENCES public.banner_banners(id) DEFERRABLE INITIALLY DEFERRED;


--
-- Name: banner_homebanner banner_homebanner_banners_ptr_id_f82f4e2a_fk_banner_banners_id; Type: FK CONSTRAINT; Schema: public; Owner: admin
--

ALTER TABLE ONLY public.banner_homebanner
    ADD CONSTRAINT banner_homebanner_banners_ptr_id_f82f4e2a_fk_banner_banners_id FOREIGN KEY (banners_ptr_id) REFERENCES public.banner_banners(id) DEFERRABLE INITIALLY DEFERRED;


--
-- Name: banner_homebanner banner_homebanner_image_id_3a7736b5_fk_core_image_id; Type: FK CONSTRAINT; Schema: public; Owner: admin
--

ALTER TABLE ONLY public.banner_homebanner
    ADD CONSTRAINT banner_homebanner_image_id_3a7736b5_fk_core_image_id FOREIGN KEY (image_id) REFERENCES public.core_image(id) DEFERRABLE INITIALLY DEFERRED;


--
-- Name: banner_homenewssharesbanner banner_homenewsshare_banners_ptr_id_6fb5ba23_fk_banner_ba; Type: FK CONSTRAINT; Schema: public; Owner: admin
--

ALTER TABLE ONLY public.banner_homenewssharesbanner
    ADD CONSTRAINT banner_homenewsshare_banners_ptr_id_6fb5ba23_fk_banner_ba FOREIGN KEY (banners_ptr_id) REFERENCES public.banner_banners(id) DEFERRABLE INITIALLY DEFERRED;


--
-- Name: banner_homenewssharesbanner banner_homenewssharesbanner_image_id_1d129588_fk_core_image_id; Type: FK CONSTRAINT; Schema: public; Owner: admin
--

ALTER TABLE ONLY public.banner_homenewssharesbanner
    ADD CONSTRAINT banner_homenewssharesbanner_image_id_1d129588_fk_core_image_id FOREIGN KEY (image_id) REFERENCES public.core_image(id) DEFERRABLE INITIALLY DEFERRED;


--
-- Name: cinema_cinema cinema_cinema_gallery_id_8690ab2b_fk_core_gallery_id; Type: FK CONSTRAINT; Schema: public; Owner: admin
--

ALTER TABLE ONLY public.cinema_cinema
    ADD CONSTRAINT cinema_cinema_gallery_id_8690ab2b_fk_core_gallery_id FOREIGN KEY (gallery_id) REFERENCES public.core_gallery(id) DEFERRABLE INITIALLY DEFERRED;


--
-- Name: cinema_cinema cinema_cinema_seo_block_id_6756c207_fk_core_seoblock_id; Type: FK CONSTRAINT; Schema: public; Owner: admin
--

ALTER TABLE ONLY public.cinema_cinema
    ADD CONSTRAINT cinema_cinema_seo_block_id_6756c207_fk_core_seoblock_id FOREIGN KEY (seo_block_id) REFERENCES public.core_seoblock(id) DEFERRABLE INITIALLY DEFERRED;


--
-- Name: cinema_film cinema_film_gallery_id_4253e825_fk_core_gallery_id; Type: FK CONSTRAINT; Schema: public; Owner: admin
--

ALTER TABLE ONLY public.cinema_film
    ADD CONSTRAINT cinema_film_gallery_id_4253e825_fk_core_gallery_id FOREIGN KEY (gallery_id) REFERENCES public.core_gallery(id) DEFERRABLE INITIALLY DEFERRED;


--
-- Name: cinema_film cinema_film_seo_block_id_335feaca_fk_core_seoblock_id; Type: FK CONSTRAINT; Schema: public; Owner: admin
--

ALTER TABLE ONLY public.cinema_film
    ADD CONSTRAINT cinema_film_seo_block_id_335feaca_fk_core_seoblock_id FOREIGN KEY (seo_block_id) REFERENCES public.core_seoblock(id) DEFERRABLE INITIALLY DEFERRED;


--
-- Name: cinema_hall cinema_hall_cinema_id_95da92d0_fk_cinema_cinema_id; Type: FK CONSTRAINT; Schema: public; Owner: admin
--

ALTER TABLE ONLY public.cinema_hall
    ADD CONSTRAINT cinema_hall_cinema_id_95da92d0_fk_cinema_cinema_id FOREIGN KEY (cinema_id) REFERENCES public.cinema_cinema(id) DEFERRABLE INITIALLY DEFERRED;


--
-- Name: cinema_hall cinema_hall_gallery_id_1ee2d818_fk_core_gallery_id; Type: FK CONSTRAINT; Schema: public; Owner: admin
--

ALTER TABLE ONLY public.cinema_hall
    ADD CONSTRAINT cinema_hall_gallery_id_1ee2d818_fk_core_gallery_id FOREIGN KEY (gallery_id) REFERENCES public.core_gallery(id) DEFERRABLE INITIALLY DEFERRED;


--
-- Name: cinema_hall cinema_hall_seo_block_id_5e2caa3e_fk_core_seoblock_id; Type: FK CONSTRAINT; Schema: public; Owner: admin
--

ALTER TABLE ONLY public.cinema_hall
    ADD CONSTRAINT cinema_hall_seo_block_id_5e2caa3e_fk_core_seoblock_id FOREIGN KEY (seo_block_id) REFERENCES public.core_seoblock(id) DEFERRABLE INITIALLY DEFERRED;


--
-- Name: cinema_moviesession cinema_moviesession_film_id_a6d55bf7_fk_cinema_film_id; Type: FK CONSTRAINT; Schema: public; Owner: admin
--

ALTER TABLE ONLY public.cinema_moviesession
    ADD CONSTRAINT cinema_moviesession_film_id_a6d55bf7_fk_cinema_film_id FOREIGN KEY (film_id) REFERENCES public.cinema_film(id) DEFERRABLE INITIALLY DEFERRED;


--
-- Name: cinema_moviesession cinema_moviesession_hall_id_bc9003be_fk_cinema_hall_id; Type: FK CONSTRAINT; Schema: public; Owner: admin
--

ALTER TABLE ONLY public.cinema_moviesession
    ADD CONSTRAINT cinema_moviesession_hall_id_bc9003be_fk_cinema_hall_id FOREIGN KEY (hall_id) REFERENCES public.cinema_hall(id) DEFERRABLE INITIALLY DEFERRED;


--
-- Name: cinema_ticket cinema_ticket_session_id_f713f39b_fk_cinema_moviesession_id; Type: FK CONSTRAINT; Schema: public; Owner: admin
--

ALTER TABLE ONLY public.cinema_ticket
    ADD CONSTRAINT cinema_ticket_session_id_f713f39b_fk_cinema_moviesession_id FOREIGN KEY (session_id) REFERENCES public.cinema_moviesession(id) DEFERRABLE INITIALLY DEFERRED;


--
-- Name: cinema_ticket cinema_ticket_user_id_9d20caab_fk_users_customuser_id; Type: FK CONSTRAINT; Schema: public; Owner: admin
--

ALTER TABLE ONLY public.cinema_ticket
    ADD CONSTRAINT cinema_ticket_user_id_9d20caab_fk_users_customuser_id FOREIGN KEY (user_id) REFERENCES public.users_customuser(id) DEFERRABLE INITIALLY DEFERRED;


--
-- Name: core_image core_image_gallery_id_6072abcd_fk_core_gallery_id; Type: FK CONSTRAINT; Schema: public; Owner: admin
--

ALTER TABLE ONLY public.core_image
    ADD CONSTRAINT core_image_gallery_id_6072abcd_fk_core_gallery_id FOREIGN KEY (gallery_id) REFERENCES public.core_gallery(id) DEFERRABLE INITIALLY DEFERRED;


--
-- Name: core_mailingcampaign_templates core_mailingcampaign_mailingcampaign_id_46756900_fk_core_mail; Type: FK CONSTRAINT; Schema: public; Owner: admin
--

ALTER TABLE ONLY public.core_mailingcampaign_templates
    ADD CONSTRAINT core_mailingcampaign_mailingcampaign_id_46756900_fk_core_mail FOREIGN KEY (mailingcampaign_id) REFERENCES public.core_mailingcampaign(id) DEFERRABLE INITIALLY DEFERRED;


--
-- Name: core_mailingcampaign_templates core_mailingcampaign_mailingtemplate_id_9ed90fb8_fk_core_mail; Type: FK CONSTRAINT; Schema: public; Owner: admin
--

ALTER TABLE ONLY public.core_mailingcampaign_templates
    ADD CONSTRAINT core_mailingcampaign_mailingtemplate_id_9ed90fb8_fk_core_mail FOREIGN KEY (mailingtemplate_id) REFERENCES public.core_mailingtemplate(id) DEFERRABLE INITIALLY DEFERRED;


--
-- Name: django_admin_log django_admin_log_content_type_id_c4bce8eb_fk_django_co; Type: FK CONSTRAINT; Schema: public; Owner: admin
--

ALTER TABLE ONLY public.django_admin_log
    ADD CONSTRAINT django_admin_log_content_type_id_c4bce8eb_fk_django_co FOREIGN KEY (content_type_id) REFERENCES public.django_content_type(id) DEFERRABLE INITIALLY DEFERRED;


--
-- Name: django_admin_log django_admin_log_user_id_c564eba6_fk_users_customuser_id; Type: FK CONSTRAINT; Schema: public; Owner: admin
--

ALTER TABLE ONLY public.django_admin_log
    ADD CONSTRAINT django_admin_log_user_id_c564eba6_fk_users_customuser_id FOREIGN KEY (user_id) REFERENCES public.users_customuser(id) DEFERRABLE INITIALLY DEFERRED;


--
-- Name: page_contact page_contact_seo_block_id_8dd36bc7_fk_core_seoblock_id; Type: FK CONSTRAINT; Schema: public; Owner: admin
--

ALTER TABLE ONLY public.page_contact
    ADD CONSTRAINT page_contact_seo_block_id_8dd36bc7_fk_core_seoblock_id FOREIGN KEY (seo_block_id) REFERENCES public.core_seoblock(id) DEFERRABLE INITIALLY DEFERRED;


--
-- Name: page_mainpage page_mainpage_seo_block_id_0c0405c7_fk_core_seoblock_id; Type: FK CONSTRAINT; Schema: public; Owner: admin
--

ALTER TABLE ONLY public.page_mainpage
    ADD CONSTRAINT page_mainpage_seo_block_id_0c0405c7_fk_core_seoblock_id FOREIGN KEY (seo_block_id) REFERENCES public.core_seoblock(id) DEFERRABLE INITIALLY DEFERRED;


--
-- Name: page_newspromotionpage page_newspromotionpa_gallery_banner_id_241a6e19_fk_core_gall; Type: FK CONSTRAINT; Schema: public; Owner: admin
--

ALTER TABLE ONLY public.page_newspromotionpage
    ADD CONSTRAINT page_newspromotionpa_gallery_banner_id_241a6e19_fk_core_gall FOREIGN KEY (gallery_banner_id) REFERENCES public.core_gallery(id) DEFERRABLE INITIALLY DEFERRED;


--
-- Name: page_newspromotionpage page_newspromotionpa_seo_block_id_bb93dbc6_fk_core_seob; Type: FK CONSTRAINT; Schema: public; Owner: admin
--

ALTER TABLE ONLY public.page_newspromotionpage
    ADD CONSTRAINT page_newspromotionpa_seo_block_id_bb93dbc6_fk_core_seob FOREIGN KEY (seo_block_id) REFERENCES public.core_seoblock(id) DEFERRABLE INITIALLY DEFERRED;


--
-- Name: page_otherpage page_otherpage_gallery_id_0d109992_fk_core_gallery_id; Type: FK CONSTRAINT; Schema: public; Owner: admin
--

ALTER TABLE ONLY public.page_otherpage
    ADD CONSTRAINT page_otherpage_gallery_id_0d109992_fk_core_gallery_id FOREIGN KEY (gallery_id) REFERENCES public.core_gallery(id) DEFERRABLE INITIALLY DEFERRED;


--
-- Name: page_otherpage page_otherpage_seo_block_id_98b5f3c4_fk_core_seoblock_id; Type: FK CONSTRAINT; Schema: public; Owner: admin
--

ALTER TABLE ONLY public.page_otherpage
    ADD CONSTRAINT page_otherpage_seo_block_id_98b5f3c4_fk_core_seoblock_id FOREIGN KEY (seo_block_id) REFERENCES public.core_seoblock(id) DEFERRABLE INITIALLY DEFERRED;


--
-- Name: users_customuser_groups users_customuser_gro_customuser_id_958147bf_fk_users_cus; Type: FK CONSTRAINT; Schema: public; Owner: admin
--

ALTER TABLE ONLY public.users_customuser_groups
    ADD CONSTRAINT users_customuser_gro_customuser_id_958147bf_fk_users_cus FOREIGN KEY (customuser_id) REFERENCES public.users_customuser(id) DEFERRABLE INITIALLY DEFERRED;


--
-- Name: users_customuser_groups users_customuser_groups_group_id_01390b14_fk_auth_group_id; Type: FK CONSTRAINT; Schema: public; Owner: admin
--

ALTER TABLE ONLY public.users_customuser_groups
    ADD CONSTRAINT users_customuser_groups_group_id_01390b14_fk_auth_group_id FOREIGN KEY (group_id) REFERENCES public.auth_group(id) DEFERRABLE INITIALLY DEFERRED;


--
-- Name: users_customuser_user_permissions users_customuser_use_customuser_id_5771478b_fk_users_cus; Type: FK CONSTRAINT; Schema: public; Owner: admin
--

ALTER TABLE ONLY public.users_customuser_user_permissions
    ADD CONSTRAINT users_customuser_use_customuser_id_5771478b_fk_users_cus FOREIGN KEY (customuser_id) REFERENCES public.users_customuser(id) DEFERRABLE INITIALLY DEFERRED;


--
-- Name: users_customuser_user_permissions users_customuser_use_permission_id_baaa2f74_fk_auth_perm; Type: FK CONSTRAINT; Schema: public; Owner: admin
--

ALTER TABLE ONLY public.users_customuser_user_permissions
    ADD CONSTRAINT users_customuser_use_permission_id_baaa2f74_fk_auth_perm FOREIGN KEY (permission_id) REFERENCES public.auth_permission(id) DEFERRABLE INITIALLY DEFERRED;


--
-- PostgreSQL database dump complete
--

\unrestrict c0xopythqxaySQEta2MhwisugRmKTCG8jsQjDdIzKWlduQTk6xsfs1gxdNdeJal

